# model	fn	r	valid	nonman	chi	genus	comp	v	e	f	warn	tol	runs	distinct	agree	secs	bin	nmvert	throat	wantcomp
tee	def	def	VALID	0	2	0	1	224	666	444	0	1e-6	3	1	yes	3	fd3dec78	0	-	1
tee	8	def	VALID	0	2	0	1	220	654	436	1	1e-6	3	1	yes	4	fd3dec78	0	-	1
tee	10	def	VALID	0	2	0	1	313	933	622	0	1e-6	3	1	yes	4	fd3dec78	0	-	1
tee	12	def	VALID	0	2	0	1	322	960	640	1	1e-6	3	1	yes	3	fd3dec78	0	-	1
tee	14	def	VALID	0	2	0	1	296	882	588	1	1e-6	3	1	yes	4	fd3dec78	0	-	1
tee	16	def	VALID	0	2	0	1	332	990	660	0	1e-6	3	1	yes	4	fd3dec78	0	-	1
tee	19	def	VALID	0	2	0	1	543	1623	1082	2	1e-6	3	1	yes	3	fd3dec78	0	-	1
tee	24	def	VALID	0	2	0	1	656	1962	1308	1	1e-6	3	1	yes	4	fd3dec78	0	-	1
tee	26	def	VALID	0	2	0	1	821	2457	1638	1	1e-6	3	1	yes	4	fd3dec78	0	-	1
tee	32	def	VALID	0	2	0	1	1096	3282	2188	1	1e-6	3	1	yes	4	fd3dec78	0	-	1
tee	48	def	VALID	0	2	0	1	2358	7068	4712	1	1e-6	3	1	yes	3	fd3dec78	0	-	1
tee	64	def	VALID	0	2	0	1	3944	11826	7884	1	1e-6	3	1	yes	5	fd3dec78	0	-	1
tee	def	0.2	VALID	0	2	0	1	224	666	444	0	1e-6	3	1	yes	4	fd3dec78	0	-	1
tee	def	0.3	VALID	0	2	0	1	224	666	444	0	1e-6	3	1	yes	3	fd3dec78	0	-	1
tee	def	0.5	INVALID	0	4	n/a	3	232	684	456	0	1e-6	3	1	yes	4	fd3dec78	2	-	1
tee	def	0.8	VALID	0	2	0	1	224	666	444	0	1e-6	3	1	yes	4	fd3dec78	0	-	1
tee	def	0.9	INVALID	0	3	n/a	2	227	672	448	0	1e-6	3	1	yes	3	fd3dec78	1	-	1
tee	def	1.0	VALID	0	2	0	1	224	666	444	0	1e-6	3	1	yes	4	fd3dec78	0	-	1
tee	def	1.5	VALID	0	2	0	1	224	666	444	0	1e-6	3	1	yes	4	fd3dec78	0	-	1
tee	def	2.0	VALID	0	2	0	1	226	672	448	0	1e-6	3	1	yes	4	fd3dec78	0	-	1
tee_oblique	def	def	VALID	0	2	0	1	234	696	464	1	1e-6	3	1	yes	3	fd3dec78	0	-	1
tee_oblique	8	def	VALID	0	2	0	1	270	804	536	1	1e-6	3	1	yes	4	fd3dec78	0	-	1
tee_oblique	10	def	VALID	0	2	0	1	283	843	562	1	1e-6	3	1	yes	4	fd3dec78	0	-	1
tee_oblique	12	def	VALID	0	2	0	1	312	930	620	1	1e-6	3	1	yes	3	fd3dec78	0	-	1
tee_oblique	14	def	VALID	0	2	0	1	328	978	652	1	1e-6	3	1	yes	4	fd3dec78	0	-	1
tee_oblique	16	def	VALID	0	2	0	1	337	1005	670	1	1e-6	3	1	yes	4	fd3dec78	0	-	1
tee_oblique	19	def	VALID	0	2	0	1	536	1602	1068	2	1e-6	3	1	yes	4	fd3dec78	0	-	1
tee_oblique	24	def	VALID	0	2	0	1	681	2037	1358	1	1e-6	3	1	yes	3	fd3dec78	0	-	1
tee_oblique	26	def	VALID	0	2	0	1	807	2415	1610	1	1e-6	3	1	yes	4	fd3dec78	0	-	1
tee_oblique	32	def	VALID	0	2	0	1	1112	3330	2220	1	1e-6	3	1	yes	4	fd3dec78	0	-	1
tee_oblique	48	def	VALID	0	2	0	1	2300	6894	4596	1	1e-6	3	1	yes	4	fd3dec78	0	-	1
tee_oblique	64	def	VALID	0	2	0	1	3958	11868	7912	1	1e-6	3	1	yes	4	fd3dec78	0	-	1
tee_oblique	def	0.2	INVALID	0	3	n/a	2	221	654	436	1	1e-6	3	1	yes	4	fd3dec78	1	-	1
tee_oblique	def	0.3	INVALID	0	3	n/a	2	222	657	438	1	1e-6	3	1	yes	3	fd3dec78	1	-	1
tee_oblique	def	0.5	VALID	0	2	0	1	221	657	438	1	1e-6	3	1	yes	4	fd3dec78	0	-	1
tee_oblique	def	0.8	INVALID	0	3	n/a	2	222	657	438	1	1e-6	3	1	yes	4	fd3dec78	1	-	1
tee_oblique	def	0.9	VALID	0	2	0	1	221	657	438	1	1e-6	3	1	yes	3	fd3dec78	0	-	1
tee_oblique	def	1.0	VALID	0	2	0	1	234	696	464	1	1e-6	3	1	yes	4	fd3dec78	0	-	1
tee_oblique	def	1.5	VALID	0	2	0	1	218	648	432	1	1e-6	3	1	yes	3	fd3dec78	0	-	1
tee_oblique	def	2.0	VALID	0	2	0	1	158	468	312	1	1e-6	3	1	yes	3	fd3dec78	0	-	1
tee_small	def	def	INVALID	0	4	0	2	215	633	422	0	1e-6	3	1	yes	4	fd3dec78	0	-	1
tee_small	8	def	VALID	0	2	0	1	218	648	432	1	1e-6	3	1	yes	3	fd3dec78	0	-	1
tee_small	10	def	INVALID	0	4	0	2	313	927	618	0	1e-6	3	1	yes	4	fd3dec78	0	-	1
tee_small	12	def	VALID	0	2	0	1	326	972	648	1	1e-6	3	1	yes	4	fd3dec78	0	-	1
tee_small	14	def	VALID	0	2	0	1	296	882	588	1	1e-6	3	1	yes	4	fd3dec78	0	-	1
tee_small	16	def	VALID	0	2	0	1	332	990	660	0	1e-6	3	1	yes	3	fd3dec78	0	-	1
tee_small	19	def	VALID	0	2	0	1	544	1626	1084	2	1e-6	3	1	yes	4	fd3dec78	0	-	1
tee_small	24	def	VALID	0	2	0	1	662	1980	1320	1	1e-6	3	1	yes	4	fd3dec78	0	-	1
tee_small	26	def	VALID	0	2	0	1	815	2439	1626	1	1e-6	3	1	yes	3	fd3dec78	0	-	1
tee_small	32	def	VALID	0	2	0	1	1092	3270	2180	1	1e-6	3	1	yes	4	fd3dec78	0	-	1
tee_small	48	def	VALID	0	2	0	1	2360	7074	4716	1	1e-6	3	1	yes	4	fd3dec78	0	-	1
tee_small	64	def	VALID	0	2	0	1	3944	11826	7884	1	1e-6	3	1	yes	4	fd3dec78	0	-	1
tee_small	def	0.2	VALID	0	2	0	1	210	624	416	0	1e-6	3	1	yes	4	fd3dec78	0	-	1
tee_small	def	0.3	VALID	0	2	0	1	211	627	418	0	1e-6	3	1	yes	4	fd3dec78	0	-	1
tee_small	def	0.5	VALID	0	2	0	1	210	624	416	0	1e-6	3	1	yes	3	fd3dec78	0	-	1
tee_small	def	0.8	VALID	0	2	0	1	211	627	418	0	1e-6	3	1	yes	4	fd3dec78	0	-	1
tee_small	def	0.9	VALID	0	2	0	1	210	624	416	0	1e-6	3	1	yes	4	fd3dec78	0	-	1
tee_small	def	1.0	VALID	0	2	0	1	210	624	416	0	1e-6	3	1	yes	3	fd3dec78	0	-	1
tee_small	def	1.5	INVALID	0	4	0	2	193	567	378	1	1e-6	3	1	yes	4	fd3dec78	0	-	1
tee_small	def	2.0	VALID	0	2	0	1	98	288	192	1	1e-6	3	1	yes	4	fd3dec78	0	-	1
tee_large	def	def	VALID	0	2	0	1	530	1584	1056	1	1e-6	3	1	yes	3	fd3dec78	0	-	1
tee_large	8	def	VALID	0	2	0	1	218	648	432	1	1e-6	3	1	yes	4	fd3dec78	0	-	1
tee_large	10	def	VALID	0	2	0	1	276	822	548	0	1e-6	3	1	yes	4	fd3dec78	0	-	1
tee_large	12	def	VALID	0	2	0	1	250	744	496	1	1e-6	3	1	yes	3	fd3dec78	0	-	1
tee_large	14	def	VALID	0	2	0	1	301	897	598	1	1e-6	3	1	yes	4	fd3dec78	0	-	1
tee_large	16	def	VALID	0	2	0	1	332	990	660	0	1e-6	3	1	yes	4	fd3dec78	0	-	1
tee_large	19	def	VALID	0	2	0	1	545	1629	1086	2	1e-6	3	1	yes	3	fd3dec78	0	-	1
tee_large	24	def	VALID	0	2	0	1	656	1962	1308	1	1e-6	3	1	yes	4	fd3dec78	0	-	1
tee_large	26	def	VALID	0	2	0	1	495	1479	986	1	1e-6	3	1	yes	4	fd3dec78	0	-	1
tee_large	32	def	VALID	0	2	0	1	1092	3270	2180	1	1e-6	3	1	yes	4	fd3dec78	0	-	1
tee_large	48	def	VALID	0	2	0	1	2360	7074	4716	1	1e-6	3	1	yes	3	fd3dec78	0	-	1
tee_large	64	def	VALID	0	2	0	1	3952	11850	7900	1	1e-6	3	1	yes	5	fd3dec78	0	-	1
tee_large	def	0.2	VALID	0	2	0	1	433	1293	862	1	1e-6	3	1	yes	3	fd3dec78	0	-	1
tee_large	def	0.3	VALID	0	2	0	1	429	1281	854	1	1e-6	3	1	yes	4	fd3dec78	0	-	1
tee_large	def	0.5	VALID	0	2	0	1	428	1278	852	1	1e-6	3	1	yes	4	fd3dec78	0	-	1
tee_large	def	0.8	VALID	0	2	0	1	433	1293	862	1	1e-6	3	1	yes	3	fd3dec78	0	-	1
tee_large	def	0.9	VALID	0	2	0	1	428	1278	852	1	1e-6	3	1	yes	4	fd3dec78	0	-	1
tee_large	def	1.0	VALID	0	2	0	1	430	1284	856	1	1e-6	3	1	yes	4	fd3dec78	0	-	1
tee_large	def	1.5	VALID	0	2	0	1	428	1278	852	1	1e-6	3	1	yes	3	fd3dec78	0	-	1
tee_large	def	2.0	VALID	0	2	0	1	441	1317	878	1	1e-6	3	1	yes	4	fd3dec78	0	-	1
cross	def	def	VALID	0	2	0	1	1239	3711	2474	1	1e-6	3	1	yes	4	fd3dec78	0	-	1
cross	8	def	VALID	0	2	0	1	931	2787	1858	1	1e-6	3	1	yes	4	fd3dec78	0	-	1
cross	10	def	VALID	0	2	0	1	1526	4572	3048	1	1e-6	3	1	yes	4	fd3dec78	0	-	1
cross	12	def	VALID	0	2	0	1	1533	4593	3062	0	1e-6	3	1	yes	3	fd3dec78	0	-	1
cross	14	def	VALID	0	2	0	1	1234	3696	2464	1	1e-6	3	1	yes	4	fd3dec78	0	-	1
cross	16	def	VALID	0	2	0	1	1020	3054	2036	1	1e-6	3	1	yes	4	fd3dec78	0	-	1
cross	19	def	VALID	0	2	0	1	2082	6240	4160	1	1e-6	3	1	yes	4	fd3dec78	0	-	1
cross	24	def	VALID	0	2	0	1	1940	5814	3876	0	1e-6	3	1	yes	4	fd3dec78	0	-	1
cross	26	def	VALID	0	2	0	1	2890	8664	5776	1	1e-6	3	1	yes	4	fd3dec78	0	-	1
cross	32	def	VALID	0	2	0	1	3396	10182	6788	1	1e-6	3	1	yes	4	fd3dec78	0	-	1
cross	48	def	VALID	0	2	0	1	6764	20286	13524	0	1e-6	3	1	yes	7	fd3dec78	0	-	1
cross	64	def	VALID	0	2	0	1	11028	33078	22052	0	1e-6	3	1	yes	8	fd3dec78	0	-	1
cross	def	0.2	VALID	0	2	0	1	1538	4608	3072	1	1e-6	3	1	yes	4	fd3dec78	0	-	1
cross	def	0.3	INVALID	1	3	n/a	1	1519	4550	3034	1	1e-6	3	1	yes	4	fd3dec78	0	-	1
cross	def	0.5	VALID	0	2	0	1	1447	4335	2890	1	1e-6	3	1	yes	4	fd3dec78	0	-	1
cross	def	0.8	VALID	0	2	0	1	1354	4056	2704	1	1e-6	3	1	yes	4	fd3dec78	0	-	1
cross	def	0.9	INVALID	0	4	0	2	1346	4026	2684	1	1e-6	3	1	yes	3	fd3dec78	0	-	1
cross	def	1.0	VALID	0	2	0	1	1276	3822	2548	1	1e-6	3	1	yes	4	fd3dec78	0	-	1
boss_plate	def	def	VALID	0	2	0	1	474	1416	944	0	1e-6	3	1	yes	4	fd3dec78	0	-	1
boss_plate	8	def	INVALID	8	6	n/a	1	288	862	580	0	1e-6	3	1	yes	4	fd3dec78	0	-	1
boss_plate	10	def	VALID	0	2	0	1	568	1698	1132	0	1e-6	3	1	yes	3	fd3dec78	0	-	1
boss_plate	12	def	VALID	0	2	0	1	440	1314	876	0	1e-6	3	1	yes	4	fd3dec78	0	-	1
boss_plate	14	def	VALID	0	2	0	1	813	2433	1622	0	1e-6	3	1	yes	4	fd3dec78	0	-	1
boss_plate	16	def	VALID	0	2	0	1	664	1986	1324	0	1e-6	3	1	yes	3	fd3dec78	0	-	1
boss_plate	19	def	VALID	0	2	0	1	1232	3690	2460	0	1e-6	3	1	yes	4	fd3dec78	0	-	1
boss_plate	24	def	VALID	0	2	0	1	1041	3117	2078	0	1e-6	3	1	yes	4	fd3dec78	0	-	1
boss_plate	26	def	VALID	0	2	0	1	1760	5274	3516	0	1e-6	3	1	yes	4	fd3dec78	0	-	1
boss_plate	32	def	VALID	0	2	0	1	1512	4530	3020	0	1e-6	3	1	yes	4	fd3dec78	0	-	1
boss_plate	48	def	VALID	0	2	0	1	2748	8238	5492	0	1e-6	3	1	yes	4	fd3dec78	0	-	1
boss_plate	64	def	VALID	0	2	0	1	4362	13080	8720	0	1e-6	3	1	yes	4	fd3dec78	0	-	1
boss_plate	def	0.2	VALID	0	2	0	1	352	1050	700	0	1e-6	3	1	yes	3	fd3dec78	0	-	1
boss_plate	def	0.3	VALID	0	2	0	1	352	1050	700	0	1e-6	3	1	yes	4	fd3dec78	0	-	1
boss_plate	def	0.5	VALID	0	2	0	1	352	1050	700	0	1e-6	3	1	yes	4	fd3dec78	0	-	1
boss_plate	def	0.8	VALID	0	2	0	1	352	1050	700	0	1e-6	3	1	yes	4	fd3dec78	0	-	1
boss_plate	def	0.9	VALID	0	2	0	1	352	1050	700	0	1e-6	3	1	yes	3	fd3dec78	0	-	1
boss_plate	def	1.0	VALID	0	2	0	1	352	1050	700	0	1e-6	3	1	yes	4	fd3dec78	0	-	1
boss_plate	def	1.5	VALID	0	2	0	1	352	1050	700	0	1e-6	3	1	yes	4	fd3dec78	0	-	1
boss_plate	def	2.0	VALID	0	2	0	1	474	1416	944	0	1e-6	3	1	yes	3	fd3dec78	0	-	1
two_bosses	def	def	VALID	0	2	0	1	945	2829	1886	1	1e-6	3	1	yes	4	fd3dec78	0	-	1
two_bosses	8	def	INVALID	6	5	n/a	1	518	1551	1038	1	1e-6	3	1	yes	4	fd3dec78	0	-	1
two_bosses	10	def	VALID	0	2	0	1	826	2472	1648	1	1e-6	3	1	yes	3	fd3dec78	0	-	1
two_bosses	12	def	VALID	0	2	0	1	806	2412	1608	1	1e-6	3	1	yes	4	fd3dec78	0	-	1
two_bosses	14	def	VALID	0	2	0	1	1333	3993	2662	1	1e-6	3	1	yes	4	fd3dec78	0	-	1
two_bosses	16	def	VALID	0	2	0	1	1022	3060	2040	1	1e-6	3	1	yes	4	fd3dec78	0	-	1
two_bosses	19	def	VALID	0	2	0	1	1881	5637	3758	1	1e-6	3	1	yes	4	fd3dec78	0	-	1
two_bosses	24	def	VALID	0	2	0	1	1902	5700	3800	1	1e-6	3	1	yes	4	fd3dec78	0	-	1
two_bosses	26	def	VALID	0	2	0	1	2690	8064	5376	1	1e-6	3	1	yes	3	fd3dec78	0	-	1
two_bosses	32	def	VALID	0	2	0	1	2616	7842	5228	1	1e-6	3	1	yes	4	fd3dec78	0	-	1
two_bosses	48	def	VALID	0	2	0	1	4621	13857	9238	1	1e-6	3	1	yes	5	fd3dec78	0	-	1
two_bosses	64	def	VALID	0	2	0	1	6577	19725	13150	1	1e-6	3	1	yes	4	fd3dec78	0	-	1
two_bosses	def	0.2	VALID	0	2	0	1	974	2916	1944	1	1e-6	3	1	yes	4	fd3dec78	0	-	1
two_bosses	def	0.3	VALID	0	2	0	1	942	2820	1880	1	1e-6	3	1	yes	4	fd3dec78	0	-	1
two_bosses	def	0.5	VALID	0	2	0	1	926	2772	1848	1	1e-6	3	1	yes	3	fd3dec78	0	-	1
two_bosses	def	0.8	VALID	0	2	0	1	706	2112	1408	1	1e-6	3	1	yes	4	fd3dec78	0	-	1
two_bosses	def	0.9	VALID	0	2	0	1	906	2712	1808	1	1e-6	3	1	yes	4	fd3dec78	0	-	1
two_bosses	def	1.0	VALID	0	2	0	1	894	2676	1784	1	1e-6	3	1	yes	4	fd3dec78	0	-	1
two_bosses	def	2.0	VALID	0	2	0	1	819	2451	1634	1	1e-6	3	1	yes	3	fd3dec78	0	-	1
pipe_into_face	def	def	VALID	0	2	0	1	369	1101	734	0	1e-6	3	1	yes	4	fd3dec78	0	-	1
pipe_into_face	8	def	INVALID	2	3	n/a	1	339	1012	676	1	1e-6	3	1	yes	4	fd3dec78	0	-	1
pipe_into_face	10	def	VALID	0	2	0	1	629	1881	1254	1	1e-6	3	1	yes	3	fd3dec78	0	-	1
pipe_into_face	12	def	VALID	0	2	0	1	485	1449	966	1	1e-6	3	1	yes	4	fd3dec78	0	-	1
pipe_into_face	14	def	VALID	0	2	0	1	848	2538	1692	0	1e-6	3	1	yes	4	fd3dec78	0	-	1
pipe_into_face	16	def	VALID	0	2	0	1	713	2133	1422	0	1e-6	3	1	yes	4	fd3dec78	0	-	1
pipe_into_face	19	def	VALID	0	2	0	1	1266	3792	2528	0	1e-6	3	1	yes	3	fd3dec78	0	-	1
pipe_into_face	24	def	VALID	0	2	0	1	1107	3315	2210	0	1e-6	3	1	yes	4	fd3dec78	0	-	1
pipe_into_face	26	def	VALID	0	2	0	1	1820	5454	3636	0	1e-6	3	1	yes	4	fd3dec78	0	-	1
pipe_into_face	32	def	VALID	0	2	0	1	1595	4779	3186	0	1e-6	3	1	yes	4	fd3dec78	0	-	1
pipe_into_face	48	def	VALID	0	2	0	1	2853	8553	5702	0	1e-6	3	1	yes	4	fd3dec78	0	-	1
pipe_into_face	64	def	VALID	0	2	0	1	4478	13428	8952	0	1e-6	3	1	yes	4	fd3dec78	0	-	1
pipe_into_face	def	0.2	VALID	0	2	0	1	369	1101	734	0	1e-6	3	1	yes	4	fd3dec78	0	-	1
pipe_into_face	def	0.3	VALID	0	2	0	1	369	1101	734	0	1e-6	3	1	yes	3	fd3dec78	0	-	1
pipe_into_face	def	0.5	VALID	0	2	0	1	369	1101	734	0	1e-6	3	1	yes	4	fd3dec78	0	-	1
pipe_into_face	def	0.8	VALID	0	2	0	1	369	1101	734	0	1e-6	3	1	yes	4	fd3dec78	0	-	1
pipe_into_face	def	0.9	VALID	0	2	0	1	369	1101	734	0	1e-6	3	1	yes	3	fd3dec78	0	-	1
pipe_into_face	def	1.0	VALID	0	2	0	1	369	1101	734	0	1e-6	3	1	yes	4	fd3dec78	0	-	1
pipe_into_face	def	1.5	VALID	0	2	0	1	367	1095	730	0	1e-6	3	1	yes	4	fd3dec78	0	-	1
pipe_into_face	def	2.0	VALID	0	2	0	1	471	1407	938	0	1e-6	3	1	yes	4	fd3dec78	0	-	1
dome	def	def	VALID	0	2	0	1	492	1470	980	0	1e-6	3	1	yes	3	fd3dec78	0	-	1
dome	8	def	INVALID	4	4	n/a	1	288	860	576	0	1e-6	3	1	yes	4	fd3dec78	0	-	1
dome	10	def	VALID	0	2	0	1	539	1611	1074	0	1e-6	3	1	yes	4	fd3dec78	0	-	1
dome	12	def	VALID	0	2	0	1	428	1278	852	0	1e-6	3	1	yes	3	fd3dec78	0	-	1
dome	14	def	VALID	0	2	0	1	770	2304	1536	0	1e-6	3	1	yes	4	fd3dec78	0	-	1
dome	16	def	VALID	0	2	0	1	648	1938	1292	0	1e-6	3	1	yes	4	fd3dec78	0	-	1
dome	19	def	VALID	0	2	0	1	1212	3630	2420	0	1e-6	3	1	yes	4	fd3dec78	0	-	1
dome	24	def	VALID	0	2	0	1	1016	3042	2028	0	1e-6	3	1	yes	3	fd3dec78	0	-	1
dome	26	def	VALID	0	2	0	1	1683	5043	3362	0	1e-6	3	1	yes	4	fd3dec78	0	-	1
dome	32	def	VALID	0	2	0	1	1416	4242	2828	0	1e-6	3	1	yes	4	fd3dec78	0	-	1
dome	48	def	VALID	0	2	0	1	2504	7506	5004	0	1e-6	3	1	yes	4	fd3dec78	0	-	1
dome	64	def	VALID	0	2	0	1	3976	11922	7948	0	1e-6	3	1	yes	4	fd3dec78	0	-	1
dome	def	0.2	VALID	0	2	0	1	496	1482	988	0	1e-6	3	1	yes	4	fd3dec78	0	-	1
dome	def	0.3	VALID	0	2	0	1	496	1482	988	0	1e-6	3	1	yes	3	fd3dec78	0	-	1
dome	def	0.5	VALID	0	2	0	1	494	1476	984	0	1e-6	3	1	yes	4	fd3dec78	0	-	1
dome	def	0.8	VALID	0	2	0	1	492	1470	980	0	1e-6	3	1	yes	4	fd3dec78	0	-	1
dome	def	0.9	VALID	0	2	0	1	492	1470	980	0	1e-6	3	1	yes	4	fd3dec78	0	-	1
dome	def	1.0	VALID	0	2	0	1	492	1470	980	0	1e-6	3	1	yes	3	fd3dec78	0	-	1
dome	def	2.0	VALID	0	2	0	1	618	1848	1232	0	1e-6	3	1	yes	4	fd3dec78	0	-	1
hole_plate	8	def	INVALID	8	4	n/a	1	288	868	584	0	1e-6	3	1	yes	3	fd3dec78	0	-	1
bevel_boss	def	def	VALID	0	2	0	1	119	351	234	0	1e-6	3	1	yes	4	fd3dec78	0	-	1
bevel_boss	8	def	VALID	0	2	0	1	56	162	108	0	1e-6	3	1	yes	3	fd3dec78	0	-	1
bevel_boss	10	def	VALID	0	2	0	1	62	180	120	0	1e-6	3	1	yes	4	fd3dec78	0	-	1
bevel_boss	12	def	VALID	0	2	0	1	68	198	132	0	1e-6	3	1	yes	4	fd3dec78	0	-	1
bevel_boss	14	def	VALID	0	2	0	1	75	219	146	0	1e-6	3	1	yes	3	fd3dec78	0	-	1
bevel_boss	16	def	VALID	0	2	0	1	80	234	156	0	1e-6	3	1	yes	4	fd3dec78	0	-	1
bevel_boss	19	def	VALID	0	2	0	1	89	261	174	0	1e-6	3	1	yes	4	fd3dec78	0	-	1
bevel_boss	24	def	VALID	0	2	0	1	104	306	204	0	1e-6	3	1	yes	3	fd3dec78	0	-	1
bevel_boss	26	def	VALID	0	2	0	1	110	324	216	0	1e-6	3	1	yes	4	fd3dec78	0	-	1
bevel_boss	32	def	VALID	0	2	0	1	128	378	252	0	1e-6	3	1	yes	4	fd3dec78	0	-	1
bevel_boss	48	def	VALID	0	2	0	1	176	522	348	0	1e-6	3	1	yes	3	fd3dec78	0	-	1
bevel_boss	64	def	VALID	0	2	0	1	224	666	444	0	1e-6	3	1	yes	4	fd3dec78	0	-	1
bevel_boss	def	0.2	VALID	0	2	0	1	119	351	234	0	1e-6	3	1	yes	4	fd3dec78	0	-	1
bevel_boss	def	0.3	VALID	0	2	0	1	119	351	234	0	1e-6	3	1	yes	3	fd3dec78	0	-	1
bevel_boss	def	0.5	VALID	0	2	0	1	119	351	234	0	1e-6	3	1	yes	4	fd3dec78	0	-	1
bevel_boss	def	0.8	VALID	0	2	0	1	119	351	234	0	1e-6	3	1	yes	4	fd3dec78	0	-	1
bevel_boss	def	0.9	VALID	0	2	0	1	119	351	234	0	1e-6	3	1	yes	3	fd3dec78	0	-	1
bevel_boss	def	1.0	VALID	0	2	0	1	119	351	234	0	1e-6	3	1	yes	4	fd3dec78	0	-	1
bevel_boss	def	2.0	VALID	0	2	0	1	119	351	234	0	1e-6	3	1	yes	4	fd3dec78	0	-	1
cyl_control	def	def	VALID	0	2	0	1	180	534	356	0	1e-6	3	1	yes	3	fd3dec78	0	-	1
cyl_control	8	def	VALID	0	2	0	1	48	138	92	0	1e-6	3	1	yes	4	fd3dec78	0	-	1
cyl_control	10	def	VALID	0	2	0	1	80	234	156	0	1e-6	3	1	yes	4	fd3dec78	0	-	1
cyl_control	12	def	VALID	0	2	0	1	96	282	188	0	1e-6	3	1	yes	3	fd3dec78	0	-	1
cyl_control	14	def	VALID	0	2	0	1	140	414	276	0	1e-6	3	1	yes	4	fd3dec78	0	-	1
cyl_control	16	def	VALID	0	2	0	1	160	474	316	0	1e-6	3	1	yes	4	fd3dec78	0	-	1
cyl_control	19	def	VALID	0	2	0	1	228	678	452	0	1e-6	3	1	yes	3	fd3dec78	0	-	1
cyl_control	24	def	VALID	0	2	0	1	336	1002	668	0	1e-6	3	1	yes	4	fd3dec78	0	-	1
cyl_control	26	def	VALID	0	2	0	1	416	1242	828	0	1e-6	3	1	yes	4	fd3dec78	0	-	1
cyl_control	32	def	VALID	0	2	0	1	576	1722	1148	0	1e-6	3	1	yes	3	fd3dec78	0	-	1
cyl_control	48	def	VALID	0	2	0	1	1248	3738	2492	0	1e-6	3	1	yes	4	fd3dec78	0	-	1
cyl_control	64	def	VALID	0	2	0	1	2176	6522	4348	0	1e-6	3	1	yes	4	fd3dec78	0	-	1
cyl_control	def	0.2	VALID	0	2	0	1	180	534	356	0	1e-6	3	1	yes	4	fd3dec78	0	-	1
cyl_control	def	0.3	VALID	0	2	0	1	180	534	356	0	1e-6	3	1	yes	3	fd3dec78	0	-	1
cyl_control	def	0.5	VALID	0	2	0	1	180	534	356	0	1e-6	3	1	yes	4	fd3dec78	0	-	1
cyl_control	def	0.8	VALID	0	2	0	1	180	534	356	0	1e-6	3	1	yes	4	fd3dec78	0	-	1
cyl_control	def	0.9	VALID	0	2	0	1	180	534	356	0	1e-6	3	1	yes	3	fd3dec78	0	-	1
cyl_control	def	1.0	VALID	0	2	0	1	180	534	356	0	1e-6	3	1	yes	4	fd3dec78	0	-	1
cyl_control	def	1.5	VALID	0	2	0	1	180	534	356	0	1e-6	3	1	yes	4	fd3dec78	0	-	1
cyl_control	def	2.0	VALID	0	2	0	1	180	534	356	0	1e-6	3	1	yes	3	fd3dec78	0	-	1
lbracket	def	def	VALID	0	2	0	1	469	1401	934	0	1e-6	3	1	yes	4	fd3dec78	0	-	1
lbracket	def	0.2	VALID	0	2	0	1	308	918	612	0	1e-6	3	1	yes	4	fd3dec78	0	-	1
lbracket	def	0.3	VALID	0	2	0	1	308	918	612	0	1e-6	3	1	yes	3	fd3dec78	0	-	1
lbracket	def	0.5	VALID	0	2	0	1	307	915	610	0	1e-6	3	1	yes	4	fd3dec78	0	-	1
lbracket	def	0.8	VALID	0	2	0	1	307	915	610	0	1e-6	3	1	yes	4	fd3dec78	0	-	1
lbracket	def	0.9	VALID	0	2	0	1	307	915	610	0	1e-6	3	1	yes	3	fd3dec78	0	-	1
lbracket	def	1.0	VALID	0	2	0	1	306	912	608	0	1e-6	3	1	yes	4	fd3dec78	0	-	1
lbracket	def	1.5	VALID	0	2	0	1	306	912	608	0	1e-6	3	1	yes	4	fd3dec78	0	-	1
lbracket	def	2.0	VALID	0	2	0	1	469	1401	934	0	1e-6	3	1	yes	3	fd3dec78	0	-	1
box_step	def	def	VALID	0	2	0	1	713	2133	1422	0	1e-6	3	1	yes	4	fd3dec78	0	-	1
box_step	def	0.2	VALID	0	2	0	1	331	987	658	0	1e-6	3	1	yes	4	fd3dec78	0	-	1
box_step	def	0.3	VALID	0	2	0	1	331	987	658	0	1e-6	3	1	yes	4	fd3dec78	0	-	1
box_step	def	0.5	VALID	0	2	0	1	337	1005	670	0	1e-6	3	1	yes	3	fd3dec78	0	-	1
box_step	def	0.8	VALID	0	2	0	1	345	1029	686	0	1e-6	3	1	yes	4	fd3dec78	0	-	1
box_step	def	0.9	VALID	0	2	0	1	349	1041	694	0	1e-6	3	1	yes	4	fd3dec78	0	-	1
box_step	def	1.0	VALID	0	2	0	1	343	1023	682	0	1e-6	3	1	yes	3	fd3dec78	0	-	1
box_step	def	1.5	VALID	0	2	0	1	340	1014	676	0	1e-6	3	1	yes	4	fd3dec78	0	-	1
box_step	def	2.0	VALID	0	2	0	1	449	1341	894	0	1e-6	3	1	yes	4	fd3dec78	0	-	1
rib	def	def	VALID	0	2	0	1	522	1560	1040	1	1e-6	3	1	yes	3	fd3dec78	0	-	1
rib	def	0.2	VALID	0	2	0	1	549	1641	1094	1	1e-6	3	1	yes	4	fd3dec78	0	-	1
rib	def	0.3	VALID	0	2	0	1	592	1770	1180	1	1e-6	3	1	yes	4	fd3dec78	0	-	1
rib	def	0.5	VALID	0	2	0	1	578	1728	1152	1	1e-6	3	1	yes	4	fd3dec78	0	-	1
rib	def	0.8	VALID	0	2	0	1	577	1725	1150	1	1e-6	3	1	yes	3	fd3dec78	0	-	1
rib	def	0.9	VALID	0	2	0	1	583	1743	1162	1	1e-6	3	1	yes	4	fd3dec78	0	-	1
rib	def	1.0	VALID	0	2	0	1	574	1716	1144	1	1e-6	3	1	yes	4	fd3dec78	0	-	1
rib	def	2.0	VALID	0	2	0	1	598	1788	1192	1	1e-6	3	1	yes	3	fd3dec78	0	-	1
thin_slab	def	def	VALID	0	2	0	1	192	570	380	0	1e-6	3	1	yes	4	fd3dec78	0	-	1
thin_slab	def	0.2	VALID	0	2	0	1	192	570	380	0	1e-6	3	1	yes	4	fd3dec78	0	-	1
thin_slab	def	0.3	VALID	0	2	0	1	192	570	380	0	1e-6	3	1	yes	3	fd3dec78	0	-	1
thin_slab	def	0.5	VALID	0	2	0	1	192	570	380	0	1e-6	3	1	yes	4	fd3dec78	0	-	1
thin_slab	def	0.8	VALID	0	2	0	1	192	570	380	0	1e-6	3	1	yes	4	fd3dec78	0	-	1
thin_slab	def	0.9	VALID	0	2	0	1	192	570	380	0	1e-6	3	1	yes	3	fd3dec78	0	-	1
thin_slab	def	1.0	VALID	0	2	0	1	192	570	380	0	1e-6	3	1	yes	4	fd3dec78	0	-	1
thin_slab	def	1.5	VALID	0	2	0	1	192	570	380	0	1e-6	3	1	yes	4	fd3dec78	0	-	1
thin_slab	def	2.0	VALID	0	2	0	1	24	66	44	1	1e-6	3	1	yes	3	fd3dec78	0	-	1
pocket	def	def	VALID	0	2	0	1	304	906	604	0	1e-6	3	1	yes	4	fd3dec78	0	-	1
pocket	def	0.2	VALID	0	2	0	1	208	618	412	0	1e-6	3	1	yes	4	fd3dec78	0	-	1
pocket	def	0.3	VALID	0	2	0	1	208	618	412	0	1e-6	3	1	yes	3	fd3dec78	0	-	1
pocket	def	0.5	VALID	0	2	0	1	208	618	412	0	1e-6	3	1	yes	4	fd3dec78	0	-	1
pocket	def	0.8	VALID	0	2	0	1	208	618	412	0	1e-6	3	1	yes	4	fd3dec78	0	-	1
pocket	def	0.9	VALID	0	2	0	1	208	618	412	0	1e-6	3	1	yes	3	fd3dec78	0	-	1
pocket	def	1.0	VALID	0	2	0	1	208	618	412	0	1e-6	3	1	yes	4	fd3dec78	0	-	1
pocket	def	1.5	VALID	0	2	0	1	208	618	412	0	1e-6	3	1	yes	4	fd3dec78	0	-	1
pocket	def	2.0	VALID	0	2	0	1	304	906	604	0	1e-6	3	1	yes	3	fd3dec78	0	-	1
chamfer_box	def	def	VALID	0	2	0	1	8	18	12	1	1e-6	3	1	yes	4	fd3dec78	0	-	1
chamfer_box	def	0.2	VALID	0	2	0	1	8	18	12	1	1e-6	3	1	yes	4	fd3dec78	0	-	1
chamfer_box	def	0.3	VALID	0	2	0	1	8	18	12	1	1e-6	3	1	yes	3	fd3dec78	0	-	1
chamfer_box	def	0.5	VALID	0	2	0	1	8	18	12	1	1e-6	3	1	yes	4	fd3dec78	0	-	1
chamfer_box	def	0.8	VALID	0	2	0	1	8	18	12	1	1e-6	3	1	yes	4	fd3dec78	0	-	1
chamfer_box	def	0.9	VALID	0	2	0	1	8	18	12	1	1e-6	3	1	yes	3	fd3dec78	0	-	1
chamfer_box	def	1.0	VALID	0	2	0	1	8	18	12	1	1e-6	3	1	yes	4	fd3dec78	0	-	1
chamfer_box	def	1.5	VALID	0	2	0	1	8	18	12	1	1e-6	3	1	yes	4	fd3dec78	0	-	1
chamfer_box	def	2.0	VALID	0	2	0	1	8	18	12	1	1e-6	3	1	yes	3	fd3dec78	0	-	1
brush_one_edge	def	def	VALID	0	2	0	1	8	18	12	1	1e-6	3	1	yes	4	fd3dec78	0	-	1
brush_one_edge	def	0.2	VALID	0	2	0	1	8	18	12	1	1e-6	3	1	yes	3	fd3dec78	0	-	1
brush_one_edge	def	0.3	VALID	0	2	0	1	8	18	12	1	1e-6	3	1	yes	4	fd3dec78	0	-	1
brush_one_edge	def	0.5	VALID	0	2	0	1	8	18	12	1	1e-6	3	1	yes	4	fd3dec78	0	-	1
brush_one_edge	def	0.8	VALID	0	2	0	1	8	18	12	1	1e-6	3	1	yes	3	fd3dec78	0	-	1
brush_one_edge	def	0.9	VALID	0	2	0	1	8	18	12	1	1e-6	3	1	yes	4	fd3dec78	0	-	1
brush_one_edge	def	1.0	VALID	0	2	0	1	8	18	12	1	1e-6	3	1	yes	4	fd3dec78	0	-	1
brush_one_edge	def	1.5	VALID	0	2	0	1	8	18	12	1	1e-6	3	1	yes	3	fd3dec78	0	-	1
brush_one_edge	def	2.0	VALID	0	2	0	1	8	18	12	1	1e-6	3	1	yes	4	fd3dec78	0	-	1
cube_control	def	def	VALID	0	2	0	1	288	858	572	0	1e-6	3	1	yes	4	fd3dec78	0	-	1
cube_control	def	0.2	VALID	0	2	0	1	192	570	380	0	1e-6	3	1	yes	3	fd3dec78	0	-	1
cube_control	def	0.3	VALID	0	2	0	1	192	570	380	0	1e-6	3	1	yes	4	fd3dec78	0	-	1
cube_control	def	0.5	VALID	0	2	0	1	192	570	380	0	1e-6	3	1	yes	4	fd3dec78	0	-	1
cube_control	def	0.8	VALID	0	2	0	1	192	570	380	0	1e-6	3	1	yes	3	fd3dec78	0	-	1
cube_control	def	0.9	VALID	0	2	0	1	192	570	380	0	1e-6	3	1	yes	4	fd3dec78	0	-	1
cube_control	def	1.0	VALID	0	2	0	1	192	570	380	0	1e-6	3	1	yes	4	fd3dec78	0	-	1
cube_control	def	1.5	VALID	0	2	0	1	192	570	380	0	1e-6	3	1	yes	3	fd3dec78	0	-	1
cube_control	def	2.0	VALID	0	2	0	1	288	858	572	0	1e-6	3	1	yes	4	fd3dec78	0	-	1
mixed_fn	def	def	VALID	0	2	0	1	553	1653	1102	1	1e-6	3	1	yes	4	fd3dec78	0	-	1
mixed_fn	def	0.2	VALID	0	2	0	1	572	1710	1140	1	1e-6	3	1	yes	3	fd3dec78	0	-	1
mixed_fn	def	0.3	VALID	0	2	0	1	570	1704	1136	1	1e-6	3	1	yes	4	fd3dec78	0	-	1
mixed_fn	def	0.5	VALID	0	2	0	1	556	1662	1108	1	1e-6	3	1	yes	4	fd3dec78	0	-	1
mixed_fn	def	0.8	VALID	0	2	0	1	554	1656	1104	1	1e-6	3	1	yes	3	fd3dec78	0	-	1
mixed_fn	def	0.9	VALID	0	2	0	1	556	1662	1108	1	1e-6	3	1	yes	4	fd3dec78	0	-	1
mixed_fn	def	1.0	VALID	0	2	0	1	553	1653	1102	1	1e-6	3	1	yes	4	fd3dec78	0	-	1
mixed_fn	def	1.5	VALID	0	2	0	1	554	1656	1104	1	1e-6	3	1	yes	4	fd3dec78	0	-	1
mixed_fn	def	2.0	VALID	0	2	0	1	572	1710	1140	1	1e-6	3	1	yes	3	fd3dec78	0	-	1
rib_into_boss	def	def	VALID	0	2	0	1	261	777	518	0	1e-6	3	1	yes	4	fd3dec78	0	-	1
rib_into_boss	8	def	VALID	0	2	0	1	144	426	284	0	1e-6	3	1	yes	4	fd3dec78	0	-	1
rib_into_boss	10	def	VALID	0	2	0	1	161	477	318	0	1e-6	3	1	yes	3	fd3dec78	0	-	1
rib_into_boss	12	def	VALID	0	2	0	1	173	513	342	0	1e-6	3	1	yes	4	fd3dec78	0	-	1
rib_into_boss	14	def	INVALID	3	4	n/a	1	222	660	442	0	1e-6	3	1	yes	4	fd3dec78	0	-	1
rib_into_boss	16	def	VALID	0	2	0	1	230	684	456	0	1e-6	3	1	yes	3	fd3dec78	0	-	1
rib_into_boss	19	def	VALID	0	2	0	1	244	726	484	0	1e-6	3	1	yes	4	fd3dec78	0	-	1
rib_into_boss	24	def	VALID	0	2	0	1	270	804	536	0	1e-6	3	1	yes	4	fd3dec78	0	-	1
rib_into_boss	26	def	VALID	0	2	0	1	441	1317	878	0	1e-6	3	1	yes	3	fd3dec78	0	-	1
rib_into_boss	32	def	INVALID	4	4	n/a	1	556	1664	1112	0	1e-6	3	1	yes	4	fd3dec78	0	-	1
rib_into_boss	48	def	VALID	0	2	0	1	972	2910	1940	0	1e-6	3	1	yes	4	fd3dec78	0	-	1
rib_into_boss	64	def	VALID	0	2	0	1	1512	4530	3020	0	1e-6	3	1	yes	4	fd3dec78	0	-	1
rib_into_boss	def	0.2	VALID	0	2	0	1	346	1032	688	0	1e-6	3	1	yes	3	fd3dec78	0	-	1
rib_into_boss	def	0.3	VALID	0	2	0	1	334	996	664	0	1e-6	3	1	yes	4	fd3dec78	0	-	1
rib_into_boss	def	0.5	VALID	0	2	0	1	300	894	596	0	1e-6	3	1	yes	4	fd3dec78	0	-	1
rib_into_boss	def	0.8	VALID	0	2	0	1	222	660	440	0	1e-6	3	1	yes	3	fd3dec78	0	-	1
rib_into_boss	def	0.9	VALID	0	2	0	1	222	660	440	0	1e-6	3	1	yes	4	fd3dec78	0	-	1
rib_into_boss	def	1.0	VALID	0	2	0	1	222	660	440	0	1e-6	3	1	yes	4	fd3dec78	0	-	1
rib_into_boss	def	1.5	VALID	0	2	0	1	222	660	440	0	1e-6	3	1	yes	3	fd3dec78	0	-	1
rib_into_boss	def	2.0	VALID	0	2	0	1	261	777	518	0	1e-6	3	1	yes	4	fd3dec78	0	-	1
refused_neighbour	def	def	VALID	0	2	0	1	356	1062	708	2	1e-6	3	1	yes	4	fd3dec78	0	-	1
refused_neighbour	def	0.2	INVALID	1	2	n/a	1	357	1067	712	2	1e-6	3	1	yes	3	fd3dec78	0	-	1
refused_neighbour	def	0.3	VALID	0	2	0	1	355	1059	706	2	1e-6	3	1	yes	4	fd3dec78	0	-	1
refused_neighbour	def	0.8	INVALID	1	2	n/a	1	358	1070	714	2	1e-6	3	1	yes	4	fd3dec78	0	-	1
refused_neighbour	def	0.9	INVALID	1	2	n/a	1	358	1070	714	2	1e-6	3	1	yes	3	fd3dec78	0	-	1
refused_neighbour	def	1.0	INVALID	1	2	n/a	1	358	1070	714	2	1e-6	3	1	yes	4	fd3dec78	0	-	1
refused_neighbour	def	1.5	VALID	0	2	0	1	356	1062	708	2	1e-6	3	1	yes	4	fd3dec78	0	-	1
refused_neighbour	def	2.0	VALID	0	2	0	1	459	1371	914	2	1e-6	3	1	yes	3	fd3dec78	0	-	1
shallow_crease	def	def	VALID	0	4	0	2	1556	4656	3104	0	1e-6	3	1	yes	4	fd3dec78	0	-	2
shallow_crease	def	0.2	VALID	0	4	0	2	676	2016	1344	0	1e-6	3	1	yes	4	fd3dec78	0	-	2
shallow_crease	def	0.3	VALID	0	4	0	2	674	2010	1340	0	1e-6	3	1	yes	4	fd3dec78	0	-	2
shallow_crease	def	0.5	VALID	0	4	0	2	674	2010	1340	0	1e-6	3	1	yes	3	fd3dec78	0	-	2
shallow_crease	def	0.8	VALID	0	4	0	2	674	2010	1340	0	1e-6	3	1	yes	4	fd3dec78	0	-	2
shallow_crease	def	0.9	VALID	0	4	0	2	674	2010	1340	0	1e-6	3	1	yes	4	fd3dec78	0	-	2
shallow_crease	def	1.0	VALID	0	4	0	2	674	2010	1340	0	1e-6	3	1	yes	4	fd3dec78	0	-	2
shallow_crease	def	1.5	VALID	0	4	0	2	674	2010	1340	0	1e-6	3	1	yes	3	fd3dec78	0	-	2
shallow_crease	def	2.0	VALID	0	4	0	2	756	2256	1504	0	1e-6	3	1	yes	4	fd3dec78	0	-	2
cross	def	1.5	VALID	0	-2	2	1	1354	4068	2712	1	1e-6	3	1	yes	5	fd3dec78	0	0.01	1
cross	def	2.0	VALID	0	-6	4	1	1528	4602	3068	1	1e-6	3	1	yes	6	fd3dec78	0	0.01	1
hole_plate	def	def	VALID	0	0	1	1	328	984	656	0	1e-6	3	1	yes	5	fd3dec78	0	-	1
hole_plate	10	def	VALID	0	0	1	1	568	1704	1136	0	1e-6	3	1	yes	5	fd3dec78	0	-	1
hole_plate	12	def	VALID	0	0	1	1	440	1320	880	0	1e-6	3	1	yes	4	fd3dec78	0	-	1
hole_plate	14	def	VALID	0	0	1	1	812	2436	1624	0	1e-6	3	1	yes	6	fd3dec78	0	-	1
hole_plate	16	def	VALID	0	0	1	1	664	1992	1328	0	1e-6	3	1	yes	5	fd3dec78	0	-	1
hole_plate	19	def	VALID	0	0	1	1	1212	3636	2424	0	1e-6	3	1	yes	6	fd3dec78	0	-	1
hole_plate	24	def	VALID	0	0	1	1	1040	3120	2080	0	1e-6	3	1	yes	6	fd3dec78	0	-	1
hole_plate	26	def	VALID	0	0	1	1	1760	5280	3520	0	1e-6	3	1	yes	7	fd3dec78	0	-	1
hole_plate	32	def	VALID	0	0	1	1	1512	4536	3024	0	1e-6	3	1	yes	7	fd3dec78	0	-	1
hole_plate	48	def	VALID	0	0	1	1	2748	8244	5496	0	1e-6	3	1	yes	10	fd3dec78	0	-	1
hole_plate	64	def	VALID	0	0	1	1	4360	13080	8720	0	1e-6	3	1	yes	15	fd3dec78	0	-	1
hole_plate	def	0.2	VALID	0	0	1	1	328	984	656	0	1e-6	3	1	yes	4	fd3dec78	0	-	1
hole_plate	def	0.3	VALID	0	0	1	1	328	984	656	0	1e-6	3	1	yes	5	fd3dec78	0	-	1
hole_plate	def	0.5	VALID	0	0	1	1	328	984	656	0	1e-6	3	1	yes	4	fd3dec78	0	-	1
hole_plate	def	0.8	VALID	0	0	1	1	328	984	656	0	1e-6	3	1	yes	5	fd3dec78	0	-	1
hole_plate	def	0.9	VALID	0	0	1	1	328	984	656	0	1e-6	3	1	yes	5	fd3dec78	0	-	1
hole_plate	def	1.0	VALID	0	0	1	1	328	984	656	0	1e-6	3	1	yes	5	fd3dec78	0	-	1
hole_plate	def	2.0	VALID	0	0	1	1	424	1272	848	0	1e-6	3	1	yes	5	fd3dec78	0	-	1
