# tile	case	family	fn	col	op	valid	bnd	nonman	nmvert	chi	genus	comp	wantcomp	v	e	f	folds	warn	corners	class	tier	want_class	verdict_flags	tol	runs	distinct	secs	bin	camera
AC01-R1-C1	AC01	crease	stock	1	original	VALID	0	0	0	2	0	1	1	14	36	24	0	0		-		flat	OK	1e-6	1	1	0.10	9de6d8c0	22.432,35.877,26.914,6,6,6
AC01-R1-C2	AC01	crease	stock	2	fillet	VALID	0	0	0	2	0	1	1	23	63	42	0	0	tube=0 capTri=0 cap=0 coons=0 saddle=0 flat=2 fan=0 weld=1 none=0	flat	tier=pullIn welded=0 gate=0 curvedFans=1 wallWalk=1	flat	OK	1e-6	1	1	0.10	9de6d8c0	22.432,35.877,26.914,6,6,6
AC01-R1-C3	AC01	crease	stock	3	chamfer	VALID	0	0	0	2	0	1	1	22	60	40	0	0	tube=0 capTri=0 cap=0 coons=0 saddle=0 flat=0 fan=2 weld=1 none=0	fan	tier=pullIn welded=0 gate=0 curvedFans=1 wallWalk=1	flat	OK	1e-6	1	1	0.10	9de6d8c0	22.432,35.877,26.914,6,6,6
AC01-R2-C1	AC01	crease	8	1	original	VALID	0	0	0	2	0	1	1	14	36	24	0	0		-		flat	OK	1e-6	1	1	0.10	9de6d8c0	22.432,35.877,26.914,6,6,6
AC01-R2-C2	AC01	crease	8	2	fillet	VALID	0	0	0	2	0	1	1	23	63	42	0	0	tube=0 capTri=0 cap=0 coons=0 saddle=0 flat=2 fan=0 weld=1 none=0	flat	tier=pullIn welded=0 gate=0 curvedFans=1 wallWalk=1	flat	OK	1e-6	1	1	0.10	9de6d8c0	22.432,35.877,26.914,6,6,6
AC01-R2-C3	AC01	crease	8	3	chamfer	VALID	0	0	0	2	0	1	1	22	60	40	0	0	tube=0 capTri=0 cap=0 coons=0 saddle=0 flat=0 fan=2 weld=1 none=0	fan	tier=pullIn welded=0 gate=0 curvedFans=1 wallWalk=1	flat	OK	1e-6	1	1	0.10	9de6d8c0	22.432,35.877,26.914,6,6,6
AC01-R3-C1	AC01	crease	19	1	original	VALID	0	0	0	2	0	1	1	14	36	24	0	0		-		flat	OK	1e-6	1	1	0.10	9de6d8c0	22.432,35.877,26.914,6,6,6
AC01-R3-C2	AC01	crease	19	2	fillet	VALID	0	0	0	2	0	1	1	32	90	60	0	0	tube=0 capTri=0 cap=0 coons=0 saddle=0 flat=2 fan=0 weld=1 none=0	flat	tier=pullIn welded=0 gate=0 curvedFans=1 wallWalk=1	flat	OK	1e-6	1	1	0.10	9de6d8c0	22.432,35.877,26.914,6,6,6
AC01-R3-C3	AC01	crease	19	3	chamfer	VALID	0	0	0	2	0	1	1	22	60	40	0	0	tube=0 capTri=0 cap=0 coons=0 saddle=0 flat=0 fan=2 weld=1 none=0	fan	tier=pullIn welded=0 gate=0 curvedFans=1 wallWalk=1	flat	OK	1e-6	1	1	0.10	9de6d8c0	22.432,35.877,26.914,6,6,6
AC01-R4-C1	AC01	crease	32	1	original	VALID	0	0	0	2	0	1	1	14	36	24	0	0		-		flat	OK	1e-6	1	1	0.10	9de6d8c0	22.432,35.877,26.914,6,6,6
AC01-R4-C2	AC01	crease	32	2	fillet	VALID	0	0	0	2	0	1	1	41	117	78	0	0	tube=0 capTri=0 cap=0 coons=0 saddle=0 flat=2 fan=0 weld=1 none=0	flat	tier=pullIn welded=0 gate=0 curvedFans=1 wallWalk=1	flat	OK	1e-6	1	1	0.10	9de6d8c0	22.432,35.877,26.914,6,6,6
AC01-R4-C3	AC01	crease	32	3	chamfer	VALID	0	0	0	2	0	1	1	22	60	40	0	0	tube=0 capTri=0 cap=0 coons=0 saddle=0 flat=0 fan=2 weld=1 none=0	fan	tier=pullIn welded=0 gate=0 curvedFans=1 wallWalk=1	flat	OK	1e-6	1	1	0.10	9de6d8c0	22.432,35.877,26.914,6,6,6
AC01-R5-C1	AC01	crease	64	1	original	VALID	0	0	0	2	0	1	1	14	36	24	0	0		-		flat	OK	1e-6	1	1	0.10	9de6d8c0	22.432,35.877,26.914,6,6,6
AC01-R5-C2	AC01	crease	64	2	fillet	VALID	0	0	0	2	0	1	1	65	189	126	0	0	tube=0 capTri=0 cap=0 coons=0 saddle=0 flat=2 fan=0 weld=1 none=0	flat	tier=pullIn welded=0 gate=0 curvedFans=1 wallWalk=1	flat	OK	1e-6	1	1	0.10	9de6d8c0	22.432,35.877,26.914,6,6,6
AC01-R5-C3	AC01	crease	64	3	chamfer	VALID	0	0	0	2	0	1	1	22	60	40	0	0	tube=0 capTri=0 cap=0 coons=0 saddle=0 flat=0 fan=2 weld=1 none=0	fan	tier=pullIn welded=0 gate=0 curvedFans=1 wallWalk=1	flat	OK	1e-6	1	1	0.10	9de6d8c0	22.432,35.877,26.914,6,6,6
AC02-R1-C1	AC02	crease	stock	1	original	VALID	0	0	0	2	0	1	1	8	18	12	0	0		-		none	OK	1e-6	1	1	0.10	9de6d8c0	19.926,-29.814,29.851,8,0,6
AC02-R1-C2	AC02	crease	stock	2	fillet	VALID	0	0	0	2	0	1	1	22	60	40	0	0	tube=0 capTri=0 cap=0 coons=0 saddle=0 flat=0 fan=0 weld=1 none=2	weld	tier=pullIn welded=0 gate=0 curvedFans=1 wallWalk=1	none	OK	1e-6	1	1	0.10	9de6d8c0	19.926,-29.814,29.851,8,0,6
AC02-R1-C3	AC02	crease	stock	3	chamfer	VALID	0	0	0	2	0	1	1	23	63	42	0	0	tube=0 capTri=0 cap=0 coons=0 saddle=0 flat=0 fan=2 weld=1 none=0	fan	tier=pullIn welded=0 gate=0 curvedFans=1 wallWalk=1	none	OK	1e-6	1	1	0.10	9de6d8c0	19.926,-29.814,29.851,8,0,6
AC02-R2-C1	AC02	crease	8	1	original	VALID	0	0	0	2	0	1	1	8	18	12	0	0		-		none	OK	1e-6	1	1	0.10	9de6d8c0	19.926,-29.814,29.851,8,0,6
AC02-R2-C2	AC02	crease	8	2	fillet	VALID	0	0	0	2	0	1	1	22	60	40	0	0	tube=0 capTri=0 cap=0 coons=0 saddle=0 flat=0 fan=0 weld=1 none=2	weld	tier=pullIn welded=0 gate=0 curvedFans=1 wallWalk=1	none	OK	1e-6	1	1	0.10	9de6d8c0	19.926,-29.814,29.851,8,0,6
AC02-R2-C3	AC02	crease	8	3	chamfer	VALID	0	0	0	2	0	1	1	23	63	42	0	0	tube=0 capTri=0 cap=0 coons=0 saddle=0 flat=0 fan=2 weld=1 none=0	fan	tier=pullIn welded=0 gate=0 curvedFans=1 wallWalk=1	none	OK	1e-6	1	1	0.10	9de6d8c0	19.926,-29.814,29.851,8,0,6
AC02-R3-C1	AC02	crease	19	1	original	VALID	0	0	0	2	0	1	1	8	18	12	0	0		-		none	OK	1e-6	1	1	0.10	9de6d8c0	19.926,-29.814,29.851,8,0,6
AC02-R3-C2	AC02	crease	19	2	fillet	VALID	0	0	0	2	0	1	1	31	87	58	0	0	tube=0 capTri=0 cap=0 coons=0 saddle=0 flat=0 fan=0 weld=1 none=2	weld	tier=pullIn welded=0 gate=0 curvedFans=1 wallWalk=1	none	OK	1e-6	1	1	0.10	9de6d8c0	19.926,-29.814,29.851,8,0,6
AC02-R3-C3	AC02	crease	19	3	chamfer	VALID	0	0	0	2	0	1	1	23	63	42	0	0	tube=0 capTri=0 cap=0 coons=0 saddle=0 flat=0 fan=2 weld=1 none=0	fan	tier=pullIn welded=0 gate=0 curvedFans=1 wallWalk=1	none	OK	1e-6	1	1	0.10	9de6d8c0	19.926,-29.814,29.851,8,0,6
AC02-R4-C1	AC02	crease	32	1	original	VALID	0	0	0	2	0	1	1	8	18	12	0	0		-		none	OK	1e-6	1	1	0.10	9de6d8c0	19.926,-29.814,29.851,8,0,6
AC02-R4-C2	AC02	crease	32	2	fillet	VALID	0	0	0	2	0	1	1	40	114	76	0	0	tube=0 capTri=0 cap=0 coons=0 saddle=0 flat=0 fan=0 weld=1 none=2	weld	tier=pullIn welded=0 gate=0 curvedFans=1 wallWalk=1	none	OK	1e-6	1	1	0.11	9de6d8c0	19.926,-29.814,29.851,8,0,6
AC02-R4-C3	AC02	crease	32	3	chamfer	VALID	0	0	0	2	0	1	1	23	63	42	0	0	tube=0 capTri=0 cap=0 coons=0 saddle=0 flat=0 fan=2 weld=1 none=0	fan	tier=pullIn welded=0 gate=0 curvedFans=1 wallWalk=1	none	OK	1e-6	1	1	0.10	9de6d8c0	19.926,-29.814,29.851,8,0,6
AC02-R5-C1	AC02	crease	64	1	original	VALID	0	0	0	2	0	1	1	8	18	12	0	0		-		none	OK	1e-6	1	1	0.10	9de6d8c0	19.926,-29.814,29.851,8,0,6
AC02-R5-C2	AC02	crease	64	2	fillet	VALID	0	0	0	2	0	1	1	64	186	124	0	0	tube=0 capTri=0 cap=0 coons=0 saddle=0 flat=0 fan=0 weld=1 none=2	weld	tier=pullIn welded=0 gate=0 curvedFans=1 wallWalk=1	none	OK	1e-6	1	1	0.10	9de6d8c0	19.926,-29.814,29.851,8,0,6
AC02-R5-C3	AC02	crease	64	3	chamfer	VALID	0	0	0	2	0	1	1	23	63	42	0	0	tube=0 capTri=0 cap=0 coons=0 saddle=0 flat=0 fan=2 weld=1 none=0	fan	tier=pullIn welded=0 gate=0 curvedFans=1 wallWalk=1	none	OK	1e-6	1	1	0.10	9de6d8c0	19.926,-29.814,29.851,8,0,6
AC03-R1-C1	AC03	corner	stock	1	original	VALID	0	0	0	2	0	1	1	8	18	12	0	0		-		capTri	OK	1e-6	1	1	0.10	9de6d8c0	-28.311,-28.311,34.649,0,0,12
AC03-R1-C2	AC03	corner	stock	2	fillet	VALID	0	0	0	2	0	1	1	84	246	164	0	0	tube=0 capTri=8 cap=0 coons=0 saddle=0 flat=0 fan=0 weld=12 none=0	capTri	tier=pullIn welded=0 gate=0 curvedFans=1 wallWalk=1	capTri	OK	1e-6	1	1	0.10	9de6d8c0	-28.311,-28.311,34.649,0,0,12
AC03-R1-C3	AC03	corner	stock	3	chamfer	VALID	0	0	0	2	0	1	1	56	162	108	0	0	tube=0 capTri=0 cap=0 coons=0 saddle=0 flat=0 fan=8 weld=12 none=0	fan	tier=pullIn welded=0 gate=0 curvedFans=1 wallWalk=1	capTri	OK	1e-6	1	1	0.10	9de6d8c0	-28.311,-28.311,34.649,0,0,12
AC03-R2-C1	AC03	corner	8	1	original	VALID	0	0	0	2	0	1	1	8	18	12	0	0		-		capTri	OK	1e-6	1	1	0.10	9de6d8c0	-28.311,-28.311,34.649,0,0,12
AC03-R2-C2	AC03	corner	8	2	fillet	VALID	0	0	0	2	0	1	1	84	246	164	0	0	tube=0 capTri=8 cap=0 coons=0 saddle=0 flat=0 fan=0 weld=12 none=0	capTri	tier=pullIn welded=0 gate=0 curvedFans=1 wallWalk=1	capTri	OK	1e-6	1	1	0.10	9de6d8c0	-28.311,-28.311,34.649,0,0,12
AC03-R2-C3	AC03	corner	8	3	chamfer	VALID	0	0	0	2	0	1	1	56	162	108	0	0	tube=0 capTri=0 cap=0 coons=0 saddle=0 flat=0 fan=8 weld=12 none=0	fan	tier=pullIn welded=0 gate=0 curvedFans=1 wallWalk=1	capTri	OK	1e-6	1	1	0.10	9de6d8c0	-28.311,-28.311,34.649,0,0,12
AC03-R3-C1	AC03	corner	19	1	original	VALID	0	0	0	2	0	1	1	8	18	12	0	0		-		capTri	OK	1e-6	1	1	0.10	9de6d8c0	-28.311,-28.311,34.649,0,0,12
AC03-R3-C2	AC03	corner	19	2	fillet	VALID	0	0	0	2	0	1	1	240	714	476	0	0	tube=0 capTri=8 cap=0 coons=0 saddle=0 flat=0 fan=0 weld=12 none=0	capTri	tier=pullIn welded=0 gate=0 curvedFans=1 wallWalk=1	capTri	OK	1e-6	1	1	0.11	9de6d8c0	-28.311,-28.311,34.649,0,0,12
AC03-R3-C3	AC03	corner	19	3	chamfer	VALID	0	0	0	2	0	1	1	56	162	108	0	0	tube=0 capTri=0 cap=0 coons=0 saddle=0 flat=0 fan=8 weld=12 none=0	fan	tier=pullIn welded=0 gate=0 curvedFans=1 wallWalk=1	capTri	OK	1e-6	1	1	0.10	9de6d8c0	-28.311,-28.311,34.649,0,0,12
AC03-R4-C1	AC03	corner	32	1	original	VALID	0	0	0	2	0	1	1	8	18	12	0	0		-		capTri	OK	1e-6	1	1	0.10	9de6d8c0	-28.311,-28.311,34.649,0,0,12
AC03-R4-C2	AC03	corner	32	2	fillet	VALID	0	0	0	2	0	1	1	468	1398	932	0	0	tube=0 capTri=8 cap=0 coons=0 saddle=0 flat=0 fan=0 weld=12 none=0	capTri	tier=pullIn welded=0 gate=0 curvedFans=1 wallWalk=1	capTri	OK	1e-6	1	1	0.11	9de6d8c0	-28.311,-28.311,34.649,0,0,12
AC03-R4-C3	AC03	corner	32	3	chamfer	VALID	0	0	0	2	0	1	1	56	162	108	0	0	tube=0 capTri=0 cap=0 coons=0 saddle=0 flat=0 fan=8 weld=12 none=0	fan	tier=pullIn welded=0 gate=0 curvedFans=1 wallWalk=1	capTri	OK	1e-6	1	1	0.10	9de6d8c0	-28.311,-28.311,34.649,0,0,12
AC03-R5-C1	AC03	corner	64	1	original	VALID	0	0	0	2	0	1	1	8	18	12	0	0		-		capTri	OK	1e-6	1	1	0.10	9de6d8c0	-28.311,-28.311,34.649,0,0,12
AC03-R5-C2	AC03	corner	64	2	fillet	VALID	0	0	0	2	0	1	1	1428	4278	2852	0	0	tube=0 capTri=8 cap=0 coons=0 saddle=0 flat=0 fan=0 weld=12 none=0	capTri	tier=pullIn welded=0 gate=0 curvedFans=1 wallWalk=1	capTri	OK	1e-6	1	1	0.11	9de6d8c0	-28.311,-28.311,34.649,0,0,12
AC03-R5-C3	AC03	corner	64	3	chamfer	VALID	0	0	0	2	0	1	1	56	162	108	0	0	tube=0 capTri=0 cap=0 coons=0 saddle=0 flat=0 fan=8 weld=12 none=0	fan	tier=pullIn welded=0 gate=0 curvedFans=1 wallWalk=1	capTri	OK	1e-6	1	1	0.11	9de6d8c0	-28.311,-28.311,34.649,0,0,12
AC04-R1-C1	AC04	corner	stock	1	original	VALID	0	0	0	2	0	1	1	14	36	24	0	0		-		capTri	OK	1e-6	1	1	0.10	9de6d8c0	50.641,50.641,50.641,16,16,16
AC04-R1-C2	AC04	corner	stock	2	fillet	VALID	0	0	0	2	0	1	1	37	105	70	0	0	tube=0 capTri=1 cap=0 coons=0 saddle=0 flat=3 fan=0 weld=3 none=0	capTri	tier=pullIn welded=0 gate=0 curvedFans=1 wallWalk=1	capTri	OK	1e-6	1	1	0.10	9de6d8c0	50.641,50.641,50.641,16,16,16
AC04-R1-C3	AC04	corner	stock	3	chamfer	VALID	0	0	0	2	0	1	1	32	90	60	0	0	tube=0 capTri=0 cap=0 coons=0 saddle=0 flat=0 fan=4 weld=3 none=0	fan	tier=pullIn welded=0 gate=0 curvedFans=1 wallWalk=1	capTri	OK	1e-6	1	1	0.10	9de6d8c0	50.641,50.641,50.641,16,16,16
AC04-R2-C1	AC04	corner	8	1	original	VALID	0	0	0	2	0	1	1	14	36	24	0	0		-		capTri	OK	1e-6	1	1	0.10	9de6d8c0	50.641,50.641,50.641,16,16,16
AC04-R2-C2	AC04	corner	8	2	fillet	VALID	0	0	0	2	0	1	1	37	105	70	0	0	tube=0 capTri=1 cap=0 coons=0 saddle=0 flat=3 fan=0 weld=3 none=0	capTri	tier=pullIn welded=0 gate=0 curvedFans=1 wallWalk=1	capTri	OK	1e-6	1	1	0.10	9de6d8c0	50.641,50.641,50.641,16,16,16
AC04-R2-C3	AC04	corner	8	3	chamfer	VALID	0	0	0	2	0	1	1	32	90	60	0	0	tube=0 capTri=0 cap=0 coons=0 saddle=0 flat=0 fan=4 weld=3 none=0	fan	tier=pullIn welded=0 gate=0 curvedFans=1 wallWalk=1	capTri	OK	1e-6	1	1	0.11	9de6d8c0	50.641,50.641,50.641,16,16,16
AC04-R3-C1	AC04	corner	19	1	original	VALID	0	0	0	2	0	1	1	14	36	24	0	0		-		capTri	OK	1e-6	1	1	0.10	9de6d8c0	50.641,50.641,50.641,16,16,16
AC04-R3-C2	AC04	corner	19	2	fillet	VALID	0	0	0	2	0	1	1	70	204	136	0	0	tube=0 capTri=1 cap=0 coons=0 saddle=0 flat=3 fan=0 weld=3 none=0	capTri	tier=pullIn welded=0 gate=0 curvedFans=1 wallWalk=1	capTri	OK	1e-6	1	1	0.10	9de6d8c0	50.641,50.641,50.641,16,16,16
AC04-R3-C3	AC04	corner	19	3	chamfer	VALID	0	0	0	2	0	1	1	32	90	60	0	0	tube=0 capTri=0 cap=0 coons=0 saddle=0 flat=0 fan=4 weld=3 none=0	fan	tier=pullIn welded=0 gate=0 curvedFans=1 wallWalk=1	capTri	OK	1e-6	1	1	0.10	9de6d8c0	50.641,50.641,50.641,16,16,16
AC04-R4-C1	AC04	corner	32	1	original	VALID	0	0	0	2	0	1	1	14	36	24	0	0		-		capTri	OK	1e-6	1	1	0.10	9de6d8c0	50.641,50.641,50.641,16,16,16
AC04-R4-C2	AC04	corner	32	2	fillet	VALID	0	0	0	2	0	1	1	112	330	220	0	0	tube=0 capTri=1 cap=0 coons=0 saddle=0 flat=3 fan=0 weld=3 none=0	capTri	tier=pullIn welded=0 gate=0 curvedFans=1 wallWalk=1	capTri	OK	1e-6	1	1	0.11	9de6d8c0	50.641,50.641,50.641,16,16,16
AC04-R4-C3	AC04	corner	32	3	chamfer	VALID	0	0	0	2	0	1	1	32	90	60	0	0	tube=0 capTri=0 cap=0 coons=0 saddle=0 flat=0 fan=4 weld=3 none=0	fan	tier=pullIn welded=0 gate=0 curvedFans=1 wallWalk=1	capTri	OK	1e-6	1	1	0.10	9de6d8c0	50.641,50.641,50.641,16,16,16
AC04-R5-C1	AC04	corner	64	1	original	VALID	0	0	0	2	0	1	1	14	36	24	0	0		-		capTri	OK	1e-6	1	1	0.10	9de6d8c0	50.641,50.641,50.641,16,16,16
AC04-R5-C2	AC04	corner	64	2	fillet	VALID	0	0	0	2	0	1	1	268	798	532	0	0	tube=0 capTri=1 cap=0 coons=0 saddle=0 flat=3 fan=0 weld=3 none=0	capTri	tier=pullIn welded=0 gate=0 curvedFans=1 wallWalk=1	capTri	OK	1e-6	1	1	0.11	9de6d8c0	50.641,50.641,50.641,16,16,16
AC04-R5-C3	AC04	corner	64	3	chamfer	VALID	0	0	0	2	0	1	1	32	90	60	0	0	tube=0 capTri=0 cap=0 coons=0 saddle=0 flat=0 fan=4 weld=3 none=0	fan	tier=pullIn welded=0 gate=0 curvedFans=1 wallWalk=1	capTri	OK	1e-6	1	1	0.10	9de6d8c0	50.641,50.641,50.641,16,16,16
AC05-R1-C1	AC05	corner	stock	1	original	VALID	0	0	0	2	0	1	1	10	24	16	0	0		-		capTri	OK	1e-6	1	1	0.10	9de6d8c0	-27.441,-27.441,32.697,0,0,8
AC05-R1-C2	AC05	corner	stock	2	fillet	VALID	0	0	0	2	0	1	1	92	270	180	0	0	tube=0 capTri=8 cap=0 coons=0 saddle=0 flat=0 fan=0 weld=14 none=0	capTri	tier=pullIn welded=0 gate=0 curvedFans=1 wallWalk=1	capTri	OK	1e-6	1	1	0.10	9de6d8c0	-27.441,-27.441,32.697,0,0,8
AC05-R1-C3	AC05	corner	stock	3	chamfer	VALID	0	0	0	2	0	1	1	61	177	118	0	0	tube=0 capTri=0 cap=0 coons=0 saddle=0 flat=0 fan=8 weld=14 none=0	fan	tier=pullIn welded=0 gate=0 curvedFans=1 wallWalk=1	capTri	OK	1e-6	1	1	0.11	9de6d8c0	-27.441,-27.441,32.697,0,0,8
AC05-R2-C1	AC05	corner	8	1	original	VALID	0	0	0	2	0	1	1	10	24	16	0	0		-		capTri	OK	1e-6	1	1	0.10	9de6d8c0	-27.441,-27.441,32.697,0,0,8
AC05-R2-C2	AC05	corner	8	2	fillet	VALID	0	0	0	2	0	1	1	92	270	180	0	0	tube=0 capTri=8 cap=0 coons=0 saddle=0 flat=0 fan=0 weld=14 none=0	capTri	tier=pullIn welded=0 gate=0 curvedFans=1 wallWalk=1	capTri	OK	1e-6	1	1	0.10	9de6d8c0	-27.441,-27.441,32.697,0,0,8
AC05-R2-C3	AC05	corner	8	3	chamfer	VALID	0	0	0	2	0	1	1	61	177	118	0	0	tube=0 capTri=0 cap=0 coons=0 saddle=0 flat=0 fan=8 weld=14 none=0	fan	tier=pullIn welded=0 gate=0 curvedFans=1 wallWalk=1	capTri	OK	1e-6	1	1	0.10	9de6d8c0	-27.441,-27.441,32.697,0,0,8
AC05-R3-C1	AC05	corner	19	1	original	VALID	0	0	0	2	0	1	1	10	24	16	0	0		-		capTri	OK	1e-6	1	1	0.10	9de6d8c0	-27.441,-27.441,32.697,0,0,8
AC05-R3-C2	AC05	corner	19	2	fillet	VALID	0	0	0	2	0	1	1	255	759	506	0	0	tube=0 capTri=8 cap=0 coons=0 saddle=0 flat=0 fan=1 weld=13 none=0	capTri	tier=pullIn welded=0 gate=0 curvedFans=1 wallWalk=1	capTri	OK	1e-6	1	1	0.11	9de6d8c0	-27.441,-27.441,32.697,0,0,8
AC05-R3-C3	AC05	corner	19	3	chamfer	VALID	0	0	0	2	0	1	1	61	177	118	0	0	tube=0 capTri=0 cap=0 coons=0 saddle=0 flat=0 fan=8 weld=14 none=0	fan	tier=pullIn welded=0 gate=0 curvedFans=1 wallWalk=1	capTri	OK	1e-6	1	1	0.10	9de6d8c0	-27.441,-27.441,32.697,0,0,8
AC05-R4-C1	AC05	corner	32	1	original	VALID	0	0	0	2	0	1	1	10	24	16	0	0		-		capTri	OK	1e-6	1	1	0.10	9de6d8c0	-27.441,-27.441,32.697,0,0,8
AC05-R4-C2	AC05	corner	32	2	fillet	VALID	0	0	0	2	0	1	1	490	1464	976	2	0	tube=0 capTri=8 cap=0 coons=0 saddle=0 flat=0 fan=1 weld=13 none=0	capTri	tier=pullIn welded=0 gate=0 curvedFans=1 wallWalk=1	capTri	OK	1e-6	1	1	0.15	9de6d8c0	-27.441,-27.441,32.697,0,0,8
AC05-R4-C3	AC05	corner	32	3	chamfer	VALID	0	0	0	2	0	1	1	61	177	118	0	0	tube=0 capTri=0 cap=0 coons=0 saddle=0 flat=0 fan=8 weld=14 none=0	fan	tier=pullIn welded=0 gate=0 curvedFans=1 wallWalk=1	capTri	OK	1e-6	1	1	0.10	9de6d8c0	-27.441,-27.441,32.697,0,0,8
AC05-R5-C1	AC05	corner	64	1	original	VALID	0	0	0	2	0	1	1	10	24	16	0	0		-		capTri	OK	1e-6	1	1	0.10	9de6d8c0	-27.441,-27.441,32.697,0,0,8
AC05-R5-C2	AC05	corner	64	2	fillet	VALID	0	0	0	2	0	1	1	1469	4401	2934	0	0	tube=0 capTri=8 cap=0 coons=0 saddle=0 flat=0 fan=2 weld=12 none=0	capTri	tier=pullIn welded=0 gate=0 curvedFans=1 wallWalk=1	capTri	OK	1e-6	1	1	0.11	9de6d8c0	-27.441,-27.441,32.697,0,0,8
AC05-R5-C3	AC05	corner	64	3	chamfer	VALID	0	0	0	2	0	1	1	61	177	118	0	0	tube=0 capTri=0 cap=0 coons=0 saddle=0 flat=0 fan=8 weld=14 none=0	fan	tier=pullIn welded=0 gate=0 curvedFans=1 wallWalk=1	capTri	OK	1e-6	1	1	0.10	9de6d8c0	-27.441,-27.441,32.697,0,0,8
AC06-R1-C1	AC06	mixed-corner	stock	1	original	VALID	0	0	0	2	0	1	1	15	39	26	0	0		-		tube	OK	1e-6	1	1	0.10	9de6d8c0	36.419,-30.419,27.293,6,0,6
AC06-R1-C2	AC06	mixed-corner	stock	2	fillet	VALID	0	0	0	2	0	1	1	128	378	252	0	0	tube=2 capTri=10 cap=0 coons=0 saddle=0 flat=0 fan=0 weld=16 none=0	tube	tier=pullIn welded=0 gate=0 curvedFans=1 wallWalk=1	tube	OK	1e-6	1	1	0.11	9de6d8c0	36.419,-30.419,27.293,6,0,6
AC06-R1-C3	AC06	mixed-corner	stock	3	chamfer	VALID	0	0	0	2	0	1	1	82	240	160	0	0	tube=0 capTri=0 cap=0 coons=0 saddle=0 flat=2 fan=10 weld=16 none=0	flat	tier=fullMitre welded=0 gate=0 curvedFans=1 wallWalk=1	tube	OK	1e-6	1	1	0.11	9de6d8c0	36.419,-30.419,27.293,6,0,6
AC06-R2-C1	AC06	mixed-corner	8	1	original	VALID	0	0	0	2	0	1	1	15	39	26	0	0		-		tube	OK	1e-6	1	1	0.10	9de6d8c0	36.419,-30.419,27.293,6,0,6
AC06-R2-C2	AC06	mixed-corner	8	2	fillet	VALID	0	0	0	2	0	1	1	128	378	252	0	0	tube=2 capTri=10 cap=0 coons=0 saddle=0 flat=0 fan=0 weld=16 none=0	tube	tier=pullIn welded=0 gate=0 curvedFans=1 wallWalk=1	tube	OK	1e-6	1	1	0.11	9de6d8c0	36.419,-30.419,27.293,6,0,6
AC06-R2-C3	AC06	mixed-corner	8	3	chamfer	VALID	0	0	0	2	0	1	1	82	240	160	0	0	tube=0 capTri=0 cap=0 coons=0 saddle=0 flat=2 fan=10 weld=16 none=0	flat	tier=fullMitre welded=0 gate=0 curvedFans=1 wallWalk=1	tube	OK	1e-6	1	1	0.11	9de6d8c0	36.419,-30.419,27.293,6,0,6
AC06-R3-C1	AC06	mixed-corner	19	1	original	VALID	0	0	0	2	0	1	1	15	39	26	0	0		-		tube	OK	1e-6	1	1	0.10	9de6d8c0	36.419,-30.419,27.293,6,0,6
AC06-R3-C2	AC06	mixed-corner	19	2	fillet	VALID	0	0	0	2	0	1	1	380	1134	756	0	0	tube=2 capTri=10 cap=0 coons=0 saddle=0 flat=0 fan=0 weld=16 none=0	tube	tier=pullIn welded=0 gate=0 curvedFans=1 wallWalk=1	tube	OK	1e-6	1	1	0.11	9de6d8c0	36.419,-30.419,27.293,6,0,6
AC06-R3-C3	AC06	mixed-corner	19	3	chamfer	VALID	0	0	0	2	0	1	1	82	240	160	0	0	tube=0 capTri=0 cap=0 coons=0 saddle=0 flat=2 fan=10 weld=16 none=0	flat	tier=fullMitre welded=0 gate=0 curvedFans=1 wallWalk=1	tube	OK	1e-6	1	1	0.11	9de6d8c0	36.419,-30.419,27.293,6,0,6
AC06-R4-C1	AC06	mixed-corner	32	1	original	VALID	0	0	0	2	0	1	1	15	39	26	0	0		-		tube	OK	1e-6	1	1	0.10	9de6d8c0	36.419,-30.419,27.293,6,0,6
AC06-R4-C2	AC06	mixed-corner	32	2	fillet	VALID	0	0	0	2	0	1	1	758	2268	1512	0	0	tube=2 capTri=10 cap=0 coons=0 saddle=0 flat=0 fan=0 weld=16 none=0	tube	tier=pullIn welded=0 gate=0 curvedFans=1 wallWalk=1	tube	OK	1e-6	1	1	0.11	9de6d8c0	36.419,-30.419,27.293,6,0,6
AC06-R4-C3	AC06	mixed-corner	32	3	chamfer	VALID	0	0	0	2	0	1	1	82	240	160	0	0	tube=0 capTri=0 cap=0 coons=0 saddle=0 flat=2 fan=10 weld=16 none=0	flat	tier=fullMitre welded=0 gate=0 curvedFans=1 wallWalk=1	tube	OK	1e-6	1	1	0.11	9de6d8c0	36.419,-30.419,27.293,6,0,6
AC06-R5-C1	AC06	mixed-corner	64	1	original	VALID	0	0	0	2	0	1	1	15	39	26	0	0		-		tube	OK	1e-6	1	1	0.10	9de6d8c0	36.419,-30.419,27.293,6,0,6
AC06-R5-C2	AC06	mixed-corner	64	2	fillet	VALID	0	0	0	2	0	1	1	2382	7140	4760	0	0	tube=2 capTri=10 cap=0 coons=0 saddle=0 flat=0 fan=0 weld=16 none=0	tube	tier=pullIn welded=0 gate=0 curvedFans=1 wallWalk=1	tube	OK	1e-6	1	1	0.12	9de6d8c0	36.419,-30.419,27.293,6,0,6
AC06-R5-C3	AC06	mixed-corner	64	3	chamfer	VALID	0	0	0	2	0	1	1	82	240	160	0	0	tube=0 capTri=0 cap=0 coons=0 saddle=0 flat=2 fan=10 weld=16 none=0	flat	tier=fullMitre welded=0 gate=0 curvedFans=1 wallWalk=1	tube	OK	1e-6	1	1	0.11	9de6d8c0	36.419,-30.419,27.293,6,0,6
AC07-R1-C1	AC07	mixed-corner	stock	1	original	VALID	0	0	0	2	0	1	1	16	42	28	0	0		-		tube	OK	1e-6	1	1	0.10	9de6d8c0	-28.221,-28.221,29.955,6,6,6
AC07-R1-C2	AC07	mixed-corner	stock	2	fillet	VALID	0	0	0	2	0	1	1	160	474	316	0	0	tube=2 capTri=10 cap=0 coons=0 saddle=0 flat=0 fan=0 weld=26 none=0	tube	tier=pullIn welded=0 gate=0 curvedFans=1 wallWalk=1	tube	OK	1e-6	1	1	0.11	9de6d8c0	-28.221,-28.221,29.955,6,6,6
AC07-R1-C3	AC07	mixed-corner	stock	3	chamfer	VALID	0	0	0	2	0	1	1	103	303	202	0	0	tube=0 capTri=0 cap=0 coons=0 saddle=0 flat=2 fan=10 weld=26 none=0	flat	tier=fullMitre welded=0 gate=0 curvedFans=1 wallWalk=1	tube	OK	1e-6	1	1	0.11	9de6d8c0	-28.221,-28.221,29.955,6,6,6
AC07-R2-C1	AC07	mixed-corner	8	1	original	VALID	0	0	0	2	0	1	1	16	42	28	0	0		-		tube	OK	1e-6	1	1	0.10	9de6d8c0	-28.221,-28.221,29.955,6,6,6
AC07-R2-C2	AC07	mixed-corner	8	2	fillet	VALID	0	0	0	2	0	1	1	160	474	316	0	0	tube=2 capTri=10 cap=0 coons=0 saddle=0 flat=0 fan=0 weld=26 none=0	tube	tier=pullIn welded=0 gate=0 curvedFans=1 wallWalk=1	tube	OK	1e-6	1	1	0.11	9de6d8c0	-28.221,-28.221,29.955,6,6,6
AC07-R2-C3	AC07	mixed-corner	8	3	chamfer	VALID	0	0	0	2	0	1	1	103	303	202	0	0	tube=0 capTri=0 cap=0 coons=0 saddle=0 flat=2 fan=10 weld=26 none=0	flat	tier=fullMitre welded=0 gate=0 curvedFans=1 wallWalk=1	tube	OK	1e-6	1	1	0.11	9de6d8c0	-28.221,-28.221,29.955,6,6,6
AC07-R3-C1	AC07	mixed-corner	19	1	original	VALID	0	0	0	2	0	1	1	16	42	28	0	0		-		tube	OK	1e-6	1	1	0.10	9de6d8c0	-28.221,-28.221,29.955,6,6,6
AC07-R3-C2	AC07	mixed-corner	19	2	fillet	VALID	0	0	0	2	0	1	1	445	1329	886	0	0	tube=2 capTri=10 cap=0 coons=0 saddle=0 flat=0 fan=0 weld=26 none=0	tube	tier=pullIn welded=0 gate=0 curvedFans=1 wallWalk=1	tube	OK	1e-6	1	1	0.11	9de6d8c0	-28.221,-28.221,29.955,6,6,6
AC07-R3-C3	AC07	mixed-corner	19	3	chamfer	VALID	0	0	0	2	0	1	1	103	303	202	0	0	tube=0 capTri=0 cap=0 coons=0 saddle=0 flat=2 fan=10 weld=26 none=0	flat	tier=fullMitre welded=0 gate=0 curvedFans=1 wallWalk=1	tube	OK	1e-6	1	1	0.11	9de6d8c0	-28.221,-28.221,29.955,6,6,6
AC07-R4-C1	AC07	mixed-corner	32	1	original	VALID	0	0	0	2	0	1	1	16	42	28	0	0		-		tube	OK	1e-6	1	1	0.10	9de6d8c0	-28.221,-28.221,29.955,6,6,6
AC07-R4-C2	AC07	mixed-corner	32	2	fillet	VALID	0	0	0	2	0	1	1	856	2562	1708	0	0	tube=2 capTri=10 cap=0 coons=0 saddle=0 flat=0 fan=0 weld=26 none=0	tube	tier=pullIn welded=0 gate=0 curvedFans=1 wallWalk=1	tube	OK	1e-6	1	1	0.11	9de6d8c0	-28.221,-28.221,29.955,6,6,6
AC07-R4-C3	AC07	mixed-corner	32	3	chamfer	VALID	0	0	0	2	0	1	1	103	303	202	0	0	tube=0 capTri=0 cap=0 coons=0 saddle=0 flat=2 fan=10 weld=26 none=0	flat	tier=fullMitre welded=0 gate=0 curvedFans=1 wallWalk=1	tube	OK	1e-6	1	1	0.11	9de6d8c0	-28.221,-28.221,29.955,6,6,6
AC07-R5-C1	AC07	mixed-corner	64	1	original	VALID	0	0	0	2	0	1	1	16	42	28	0	0		-		tube	OK	1e-6	1	1	0.10	9de6d8c0	-28.221,-28.221,29.955,6,6,6
AC07-R5-C2	AC07	mixed-corner	64	2	fillet	VALID	0	0	0	2	0	1	1	2568	7698	5132	0	0	tube=2 capTri=10 cap=0 coons=0 saddle=0 flat=0 fan=0 weld=26 none=0	tube	tier=pullIn welded=0 gate=0 curvedFans=1 wallWalk=1	tube	OK	1e-6	1	1	0.12	9de6d8c0	-28.221,-28.221,29.955,6,6,6
AC07-R5-C3	AC07	mixed-corner	64	3	chamfer	VALID	0	0	0	2	0	1	1	103	303	202	0	0	tube=0 capTri=0 cap=0 coons=0 saddle=0 flat=2 fan=10 weld=26 none=0	flat	tier=fullMitre welded=0 gate=0 curvedFans=1 wallWalk=1	tube	OK	1e-6	1	1	0.11	9de6d8c0	-28.221,-28.221,29.955,6,6,6
AC08-R1-C1	AC08	mixed-corner	stock	1	original	VALID	0	0	0	2	0	1	1	16	42	28	0	0		-		tube	OK	1e-6	1	1	0.10	9de6d8c0	-28.145,-44.145,45.730,16,0,6
AC08-R1-C2	AC08	mixed-corner	stock	2	fillet	VALID	0	0	0	2	0	1	1	184	546	364	0	0	tube=0 capTri=12 cap=0 coons=0 saddle=0 flat=2 fan=2 weld=30 none=0	capTri	tier=baseline welded=0 gate=0 curvedFans=1 wallWalk=1	tube	OK	1e-6	1	1	0.11	9de6d8c0	-28.145,-44.145,45.730,16,0,6
AC08-R1-C3	AC08	mixed-corner	stock	3	chamfer	VALID	0	0	0	2	0	1	1	114	336	224	0	1	tube=0 capTri=0 cap=0 coons=0 saddle=0 flat=2 fan=10 weld=30 none=0	flat	tier=fullMitre welded=0 gate=1 curvedFans=1 wallWalk=1	tube	OK	1e-6	1	1	0.12	9de6d8c0	-28.145,-44.145,45.730,16,0,6
AC08-R2-C1	AC08	mixed-corner	8	1	original	VALID	0	0	0	2	0	1	1	16	42	28	0	0		-		tube	OK	1e-6	1	1	0.10	9de6d8c0	-28.145,-44.145,45.730,16,0,6
AC08-R2-C2	AC08	mixed-corner	8	2	fillet	VALID	0	0	0	2	0	1	1	184	546	364	0	0	tube=0 capTri=12 cap=0 coons=0 saddle=0 flat=2 fan=2 weld=30 none=0	capTri	tier=baseline welded=0 gate=0 curvedFans=1 wallWalk=1	tube	OK	1e-6	1	1	0.11	9de6d8c0	-28.145,-44.145,45.730,16,0,6
AC08-R2-C3	AC08	mixed-corner	8	3	chamfer	VALID	0	0	0	2	0	1	1	114	336	224	0	1	tube=0 capTri=0 cap=0 coons=0 saddle=0 flat=2 fan=10 weld=30 none=0	flat	tier=fullMitre welded=0 gate=1 curvedFans=1 wallWalk=1	tube	OK	1e-6	1	1	0.11	9de6d8c0	-28.145,-44.145,45.730,16,0,6
AC08-R3-C1	AC08	mixed-corner	19	1	original	VALID	0	0	0	2	0	1	1	16	42	28	0	0		-		tube	OK	1e-6	1	1	0.10	9de6d8c0	-28.145,-44.145,45.730,16,0,6
AC08-R3-C2	AC08	mixed-corner	19	2	fillet	VALID	0	0	0	2	0	1	1	567	1695	1130	0	1	tube=2 capTri=10 cap=2 coons=0 saddle=0 flat=1 fan=1 weld=26 none=0	tube	tier=pullIn welded=0 gate=1 curvedFans=1 wallWalk=1	tube	OK	1e-6	1	1	0.14	9de6d8c0	-28.145,-44.145,45.730,16,0,6
AC08-R3-C3	AC08	mixed-corner	19	3	chamfer	VALID	0	0	0	2	0	1	1	114	336	224	0	1	tube=0 capTri=0 cap=0 coons=0 saddle=0 flat=2 fan=10 weld=30 none=0	flat	tier=fullMitre welded=0 gate=1 curvedFans=1 wallWalk=1	tube	OK	1e-6	1	1	0.12	9de6d8c0	-28.145,-44.145,45.730,16,0,6
AC08-R4-C1	AC08	mixed-corner	32	1	original	VALID	0	0	0	2	0	1	1	16	42	28	0	0		-		tube	OK	1e-6	1	1	0.10	9de6d8c0	-28.145,-44.145,45.730,16,0,6
AC08-R4-C2	AC08	mixed-corner	32	2	fillet	VALID	0	0	0	2	0	1	1	1143	3423	2282	0	1	tube=2 capTri=10 cap=2 coons=0 saddle=0 flat=1 fan=1 weld=26 none=0	tube	tier=pullIn welded=0 gate=1 curvedFans=1 wallWalk=1	tube	OK	1e-6	1	1	0.15	9de6d8c0	-28.145,-44.145,45.730,16,0,6
AC08-R4-C3	AC08	mixed-corner	32	3	chamfer	VALID	0	0	0	2	0	1	1	114	336	224	0	1	tube=0 capTri=0 cap=0 coons=0 saddle=0 flat=2 fan=10 weld=30 none=0	flat	tier=fullMitre welded=0 gate=1 curvedFans=1 wallWalk=1	tube	OK	1e-6	1	1	0.11	9de6d8c0	-28.145,-44.145,45.730,16,0,6
AC08-R5-C1	AC08	mixed-corner	64	1	original	VALID	0	0	0	2	0	1	1	16	42	28	0	0		-		tube	OK	1e-6	1	1	0.10	9de6d8c0	-28.145,-44.145,45.730,16,0,6
AC08-R5-C2	AC08	mixed-corner	64	2	fillet	VALID	0	0	0	2	0	1	1	3647	10935	7290	0	1	tube=2 capTri=10 cap=2 coons=0 saddle=0 flat=1 fan=1 weld=26 none=0	tube	tier=pullIn welded=0 gate=1 curvedFans=1 wallWalk=1	tube	OK	1e-6	1	1	0.21	9de6d8c0	-28.145,-44.145,45.730,16,0,6
AC08-R5-C3	AC08	mixed-corner	64	3	chamfer	VALID	0	0	0	2	0	1	1	114	336	224	0	1	tube=0 capTri=0 cap=0 coons=0 saddle=0 flat=2 fan=10 weld=30 none=0	flat	tier=fullMitre welded=0 gate=1 curvedFans=1 wallWalk=1	tube	OK	1e-6	1	1	0.12	9de6d8c0	-28.145,-44.145,45.730,16,0,6
AC09-R1-C1	AC09	mixed-corner	stock	1	original	VALID	0	0	0	2	0	1	1	16	42	28	0	0		-		tube	OK	1e-6	1	1	0.10	9de6d8c0	-34.620,-40.620,38.496,6,0,6
AC09-R1-C2	AC09	mixed-corner	stock	2	fillet	VALID	0	0	0	2	0	1	1	196	582	388	0	0	tube=4 capTri=12 cap=0 coons=0 saddle=0 flat=0 fan=0 weld=28 none=0	tube	tier=pullIn welded=0 gate=0 curvedFans=1 wallWalk=1	tube	OK	1e-6	1	1	0.11	9de6d8c0	-34.620,-40.620,38.496,6,0,6
AC09-R1-C3	AC09	mixed-corner	stock	3	chamfer	VALID	0	0	0	2	0	1	1	124	366	244	0	0	tube=0 capTri=0 cap=0 coons=0 saddle=0 flat=4 fan=12 weld=28 none=0	flat	tier=fullMitre welded=0 gate=0 curvedFans=1 wallWalk=1	tube	OK	1e-6	1	1	0.11	9de6d8c0	-34.620,-40.620,38.496,6,0,6
AC09-R2-C1	AC09	mixed-corner	8	1	original	VALID	0	0	0	2	0	1	1	16	42	28	0	0		-		tube	OK	1e-6	1	1	0.10	9de6d8c0	-34.620,-40.620,38.496,6,0,6
AC09-R2-C2	AC09	mixed-corner	8	2	fillet	VALID	0	0	0	2	0	1	1	196	582	388	0	0	tube=4 capTri=12 cap=0 coons=0 saddle=0 flat=0 fan=0 weld=28 none=0	tube	tier=pullIn welded=0 gate=0 curvedFans=1 wallWalk=1	tube	OK	1e-6	1	1	0.11	9de6d8c0	-34.620,-40.620,38.496,6,0,6
AC09-R2-C3	AC09	mixed-corner	8	3	chamfer	VALID	0	0	0	2	0	1	1	124	366	244	0	0	tube=0 capTri=0 cap=0 coons=0 saddle=0 flat=4 fan=12 weld=28 none=0	flat	tier=fullMitre welded=0 gate=0 curvedFans=1 wallWalk=1	tube	OK	1e-6	1	1	0.11	9de6d8c0	-34.620,-40.620,38.496,6,0,6
AC09-R3-C1	AC09	mixed-corner	19	1	original	VALID	0	0	0	2	0	1	1	16	42	28	0	0		-		tube	OK	1e-6	1	1	0.10	9de6d8c0	-34.620,-40.620,38.496,6,0,6
AC09-R3-C2	AC09	mixed-corner	19	2	fillet	VALID	0	0	0	2	0	1	1	568	1698	1132	0	0	tube=4 capTri=12 cap=0 coons=0 saddle=0 flat=0 fan=0 weld=28 none=0	tube	tier=pullIn welded=0 gate=0 curvedFans=1 wallWalk=1	tube	OK	1e-6	1	1	0.11	9de6d8c0	-34.620,-40.620,38.496,6,0,6
AC09-R3-C3	AC09	mixed-corner	19	3	chamfer	VALID	0	0	0	2	0	1	1	124	366	244	0	0	tube=0 capTri=0 cap=0 coons=0 saddle=0 flat=4 fan=12 weld=28 none=0	flat	tier=fullMitre welded=0 gate=0 curvedFans=1 wallWalk=1	tube	OK	1e-6	1	1	0.11	9de6d8c0	-34.620,-40.620,38.496,6,0,6
AC09-R4-C1	AC09	mixed-corner	32	1	original	VALID	0	0	0	2	0	1	1	16	42	28	0	0		-		tube	OK	1e-6	1	1	0.10	9de6d8c0	-34.620,-40.620,38.496,6,0,6
AC09-R4-C2	AC09	mixed-corner	32	2	fillet	VALID	0	0	0	2	0	1	1	1120	3354	2236	0	0	tube=4 capTri=12 cap=0 coons=0 saddle=0 flat=0 fan=0 weld=28 none=0	tube	tier=pullIn welded=0 gate=0 curvedFans=1 wallWalk=1	tube	OK	1e-6	1	1	0.11	9de6d8c0	-34.620,-40.620,38.496,6,0,6
AC09-R4-C3	AC09	mixed-corner	32	3	chamfer	VALID	0	0	0	2	0	1	1	124	366	244	0	0	tube=0 capTri=0 cap=0 coons=0 saddle=0 flat=4 fan=12 weld=28 none=0	flat	tier=fullMitre welded=0 gate=0 curvedFans=1 wallWalk=1	tube	OK	1e-6	1	1	0.11	9de6d8c0	-34.620,-40.620,38.496,6,0,6
AC09-R5-C1	AC09	mixed-corner	64	1	original	VALID	0	0	0	2	0	1	1	16	42	28	0	0		-		tube	OK	1e-6	1	1	0.10	9de6d8c0	-34.620,-40.620,38.496,6,0,6
AC09-R5-C2	AC09	mixed-corner	64	2	fillet	VALID	0	0	0	2	0	1	1	3472	10410	6940	0	0	tube=4 capTri=12 cap=0 coons=0 saddle=0 flat=0 fan=0 weld=28 none=0	tube	tier=pullIn welded=0 gate=0 curvedFans=1 wallWalk=1	tube	OK	1e-6	1	1	0.12	9de6d8c0	-34.620,-40.620,38.496,6,0,6
AC09-R5-C3	AC09	mixed-corner	64	3	chamfer	VALID	0	0	0	2	0	1	1	124	366	244	0	0	tube=0 capTri=0 cap=0 coons=0 saddle=0 flat=4 fan=12 weld=28 none=0	flat	tier=fullMitre welded=0 gate=0 curvedFans=1 wallWalk=1	tube	OK	1e-6	1	1	0.11	9de6d8c0	-34.620,-40.620,38.496,6,0,6
AC10-R1-C1	AC10	mixed-corner	stock	1	original	VALID	0	0	0	2	0	1	1	18	48	32	0	0		-		tube	OK	1e-6	1	1	0.10	9de6d8c0	-32.023,-34.663,32.616,6,3.36,6
AC10-R1-C2	AC10	mixed-corner	stock	2	fillet	VALID	0	0	0	2	0	1	1	193	573	382	2	0	tube=4 capTri=12 cap=0 coons=0 saddle=0 flat=0 fan=0 weld=26 none=0	tube	tier=pullIn welded=0 gate=0 curvedFans=1 wallWalk=1	tube	OK	1e-6	1	1	0.15	9de6d8c0	-32.023,-34.663,32.616,6,3.36,6
AC10-R1-C3	AC10	mixed-corner	stock	3	chamfer	VALID	0	0	0	2	0	1	1	117	345	230	2	0	tube=0 capTri=0 cap=0 coons=0 saddle=0 flat=0 fan=16 weld=26 none=0	fan	tier=baseline welded=0 gate=0 curvedFans=1 wallWalk=1	tube	OK	1e-6	1	1	0.13	9de6d8c0	-32.023,-34.663,32.616,6,3.36,6
AC10-R2-C1	AC10	mixed-corner	8	1	original	VALID	0	0	0	2	0	1	1	18	48	32	0	0		-		tube	OK	1e-6	1	1	0.10	9de6d8c0	-32.023,-34.663,32.616,6,3.36,6
AC10-R2-C2	AC10	mixed-corner	8	2	fillet	VALID	0	0	0	2	0	1	1	193	573	382	2	0	tube=4 capTri=12 cap=0 coons=0 saddle=0 flat=0 fan=0 weld=26 none=0	tube	tier=pullIn welded=0 gate=0 curvedFans=1 wallWalk=1	tube	OK	1e-6	1	1	0.15	9de6d8c0	-32.023,-34.663,32.616,6,3.36,6
AC10-R2-C3	AC10	mixed-corner	8	3	chamfer	VALID	0	0	0	2	0	1	1	117	345	230	2	0	tube=0 capTri=0 cap=0 coons=0 saddle=0 flat=0 fan=16 weld=26 none=0	fan	tier=baseline welded=0 gate=0 curvedFans=1 wallWalk=1	tube	OK	1e-6	1	1	0.14	9de6d8c0	-32.023,-34.663,32.616,6,3.36,6
AC10-R3-C1	AC10	mixed-corner	19	1	original	VALID	0	0	0	2	0	1	1	18	48	32	0	0		-		tube	OK	1e-6	1	1	0.11	9de6d8c0	-32.023,-34.663,32.616,6,3.36,6
AC10-R3-C2	AC10	mixed-corner	19	2	fillet	VALID	0	0	0	2	0	1	1	563	1683	1122	2	0	tube=4 capTri=12 cap=0 coons=0 saddle=0 flat=1 fan=0 weld=25 none=0	tube	tier=pullIn welded=0 gate=0 curvedFans=1 wallWalk=1	tube	OK	1e-6	1	1	0.18	9de6d8c0	-32.023,-34.663,32.616,6,3.36,6
AC10-R3-C3	AC10	mixed-corner	19	3	chamfer	VALID	0	0	0	2	0	1	1	117	345	230	2	0	tube=0 capTri=0 cap=0 coons=0 saddle=0 flat=0 fan=16 weld=26 none=0	fan	tier=baseline welded=0 gate=0 curvedFans=1 wallWalk=1	tube	OK	1e-6	1	1	0.13	9de6d8c0	-32.023,-34.663,32.616,6,3.36,6
AC10-R4-C1	AC10	mixed-corner	32	1	original	VALID	0	0	0	2	0	1	1	18	48	32	0	0		-		tube	OK	1e-6	1	1	0.10	9de6d8c0	-32.023,-34.663,32.616,6,3.36,6
AC10-R4-C2	AC10	mixed-corner	32	2	fillet	VALID	0	0	0	2	0	1	1	1113	3333	2222	2	0	tube=4 capTri=12 cap=0 coons=0 saddle=0 flat=1 fan=0 weld=25 none=0	tube	tier=pullIn welded=0 gate=0 curvedFans=1 wallWalk=1	tube	OK	1e-6	1	1	0.22	9de6d8c0	-32.023,-34.663,32.616,6,3.36,6
AC10-R4-C3	AC10	mixed-corner	32	3	chamfer	VALID	0	0	0	2	0	1	1	117	345	230	2	0	tube=0 capTri=0 cap=0 coons=0 saddle=0 flat=0 fan=16 weld=26 none=0	fan	tier=baseline welded=0 gate=0 curvedFans=1 wallWalk=1	tube	OK	1e-6	1	1	0.13	9de6d8c0	-32.023,-34.663,32.616,6,3.36,6
AC10-R5-C1	AC10	mixed-corner	64	1	original	VALID	0	0	0	2	0	1	1	18	48	32	0	0		-		tube	OK	1e-6	1	1	0.10	9de6d8c0	-32.023,-34.663,32.616,6,3.36,6
AC10-R5-C2	AC10	mixed-corner	64	2	fillet	VALID	0	0	0	2	0	1	1	3460	10374	6916	2	0	tube=4 capTri=12 cap=0 coons=0 saddle=0 flat=1 fan=0 weld=25 none=0	tube	tier=pullIn welded=0 gate=0 curvedFans=1 wallWalk=1	tube	OK	1e-6	1	1	0.39	9de6d8c0	-32.023,-34.663,32.616,6,3.36,6
AC10-R5-C3	AC10	mixed-corner	64	3	chamfer	VALID	0	0	0	2	0	1	1	117	345	230	2	0	tube=0 capTri=0 cap=0 coons=0 saddle=0 flat=0 fan=16 weld=26 none=0	fan	tier=baseline welded=0 gate=0 curvedFans=1 wallWalk=1	tube	OK	1e-6	1	1	0.13	9de6d8c0	-32.023,-34.663,32.616,6,3.36,6
AC10b-R1-C1	AC10b	mixed-corner	stock	1	original	VALID	0	0	0	2	0	1	1	18	48	32	0	0		-		coons	OK	1e-6	1	1	0.11	9de6d8c0	2.422,-50.032,60.312,16,4.28,6
AC10b-R1-C2	AC10b	mixed-corner	stock	2	fillet	VALID	0	0	0	2	0	1	1	218	648	432	0	1	tube=2 capTri=12 cap=1 coons=0 saddle=0 flat=1 fan=1 weld=34 none=0	tube	tier=pullIn welded=0 gate=1 curvedFans=1 wallWalk=1	coons	OK	1e-6	1	1	0.12	9de6d8c0	2.422,-50.032,60.312,16,4.28,6
AC10b-R1-C3	AC10b	mixed-corner	stock	3	chamfer	VALID	0	0	0	2	0	1	1	141	417	278	0	1	tube=0 capTri=0 cap=0 coons=0 saddle=0 flat=0 fan=17 weld=37 none=0	fan	tier=baseline welded=0 gate=1 curvedFans=1 wallWalk=1	coons	OK	1e-6	1	1	0.12	9de6d8c0	2.422,-50.032,60.312,16,4.28,6
AC10b-R2-C1	AC10b	mixed-corner	8	1	original	VALID	0	0	0	2	0	1	1	18	48	32	0	0		-		coons	OK	1e-6	1	1	0.10	9de6d8c0	2.422,-50.032,60.312,16,4.28,6
AC10b-R2-C2	AC10b	mixed-corner	8	2	fillet	VALID	0	0	0	2	0	1	1	218	648	432	0	1	tube=2 capTri=12 cap=1 coons=0 saddle=0 flat=1 fan=1 weld=34 none=0	tube	tier=pullIn welded=0 gate=1 curvedFans=1 wallWalk=1	coons	OK	1e-6	1	1	0.12	9de6d8c0	2.422,-50.032,60.312,16,4.28,6
AC10b-R2-C3	AC10b	mixed-corner	8	3	chamfer	VALID	0	0	0	2	0	1	1	141	417	278	0	1	tube=0 capTri=0 cap=0 coons=0 saddle=0 flat=0 fan=17 weld=37 none=0	fan	tier=baseline welded=0 gate=1 curvedFans=1 wallWalk=1	coons	OK	1e-6	1	1	0.12	9de6d8c0	2.422,-50.032,60.312,16,4.28,6
AC10b-R3-C1	AC10b	mixed-corner	19	1	original	VALID	0	0	0	2	0	1	1	18	48	32	0	0		-		coons	OK	1e-6	1	1	0.10	9de6d8c0	2.422,-50.032,60.312,16,4.28,6
AC10b-R3-C2	AC10b	mixed-corner	19	2	fillet	VALID	0	0	0	2	0	1	1	601	1797	1198	0	1	tube=0 capTri=12 cap=0 coons=2 saddle=0 flat=0 fan=4 weld=31 none=0	capTri	tier=baseline welded=0 gate=1 curvedFans=1 wallWalk=1	coons	OK	1e-6	1	1	0.14	9de6d8c0	2.422,-50.032,60.312,16,4.28,6
AC10b-R3-C3	AC10b	mixed-corner	19	3	chamfer	VALID	0	0	0	2	0	1	1	141	417	278	0	1	tube=0 capTri=0 cap=0 coons=0 saddle=0 flat=0 fan=17 weld=37 none=0	fan	tier=baseline welded=0 gate=1 curvedFans=1 wallWalk=1	coons	OK	1e-6	1	1	0.12	9de6d8c0	2.422,-50.032,60.312,16,4.28,6
AC10b-R4-C1	AC10b	mixed-corner	32	1	original	VALID	0	0	0	2	0	1	1	18	48	32	0	0		-		coons	OK	1e-6	1	1	0.10	9de6d8c0	2.422,-50.032,60.312,16,4.28,6
AC10b-R4-C2	AC10b	mixed-corner	32	2	fillet	VALID	0	0	0	2	0	1	1	1055	3159	2106	1	1	tube=2 capTri=12 cap=0 coons=0 saddle=0 flat=0 fan=3 weld=34 none=0	tube	tier=pullIn welded=0 gate=1 curvedFans=1 wallWalk=1	coons	OK	1e-6	1	1	0.22	9de6d8c0	2.422,-50.032,60.312,16,4.28,6
AC10b-R4-C3	AC10b	mixed-corner	32	3	chamfer	VALID	0	0	0	2	0	1	1	141	417	278	0	1	tube=0 capTri=0 cap=0 coons=0 saddle=0 flat=0 fan=17 weld=37 none=0	fan	tier=baseline welded=0 gate=1 curvedFans=1 wallWalk=1	coons	OK	1e-6	1	1	0.12	9de6d8c0	2.422,-50.032,60.312,16,4.28,6
AC10b-R5-C1	AC10b	mixed-corner	64	1	original	VALID	0	0	0	2	0	1	1	18	48	32	0	0		-		coons	OK	1e-6	1	1	0.10	9de6d8c0	2.422,-50.032,60.312,16,4.28,6
AC10b-R5-C2	AC10b	mixed-corner	64	2	fillet	VALID	0	0	0	2	0	1	1	3258	9768	6512	0	1	tube=0 capTri=12 cap=0 coons=0 saddle=1 flat=0 fan=5 weld=31 none=0	capTri	tier=baseline welded=0 gate=1 curvedFans=1 wallWalk=1	coons	OK	1e-6	1	1	0.21	9de6d8c0	2.422,-50.032,60.312,16,4.28,6
AC10b-R5-C3	AC10b	mixed-corner	64	3	chamfer	VALID	0	0	0	2	0	1	1	141	417	278	0	1	tube=0 capTri=0 cap=0 coons=0 saddle=0 flat=0 fan=17 weld=37 none=0	fan	tier=baseline welded=0 gate=1 curvedFans=1 wallWalk=1	coons	OK	1e-6	1	1	0.12	9de6d8c0	2.422,-50.032,60.312,16,4.28,6
AC11-R1-C1	AC11	mixed-corner	stock	1	original	VALID	0	0	0	2	0	1	1	14	36	24	0	0		-		tube	OK	1e-6	1	1	0.10	9de6d8c0	45.486,39.486,45.486,12,6,12
AC11-R1-C2	AC11	mixed-corner	stock	2	fillet	VALID	0	0	0	2	0	1	1	174	516	344	0	0	tube=3 capTri=11 cap=0 coons=0 saddle=0 flat=0 fan=0 weld=26 none=0	tube	tier=pullIn welded=0 gate=0 curvedFans=1 wallWalk=1	tube	OK	1e-6	1	1	0.11	9de6d8c0	45.486,39.486,45.486,12,6,12
AC11-R1-C3	AC11	mixed-corner	stock	3	chamfer	VALID	0	0	0	2	0	1	1	111	327	218	0	0	tube=0 capTri=0 cap=0 coons=0 saddle=0 flat=3 fan=11 weld=26 none=0	flat	tier=fullMitre welded=0 gate=0 curvedFans=1 wallWalk=1	tube	OK	1e-6	1	1	0.11	9de6d8c0	45.486,39.486,45.486,12,6,12
AC11-R2-C1	AC11	mixed-corner	8	1	original	VALID	0	0	0	2	0	1	1	14	36	24	0	0		-		tube	OK	1e-6	1	1	0.10	9de6d8c0	45.486,39.486,45.486,12,6,12
AC11-R2-C2	AC11	mixed-corner	8	2	fillet	VALID	0	0	0	2	0	1	1	174	516	344	0	0	tube=3 capTri=11 cap=0 coons=0 saddle=0 flat=0 fan=0 weld=26 none=0	tube	tier=pullIn welded=0 gate=0 curvedFans=1 wallWalk=1	tube	OK	1e-6	1	1	0.11	9de6d8c0	45.486,39.486,45.486,12,6,12
AC11-R2-C3	AC11	mixed-corner	8	3	chamfer	VALID	0	0	0	2	0	1	1	111	327	218	0	0	tube=0 capTri=0 cap=0 coons=0 saddle=0 flat=3 fan=11 weld=26 none=0	flat	tier=fullMitre welded=0 gate=0 curvedFans=1 wallWalk=1	tube	OK	1e-6	1	1	0.11	9de6d8c0	45.486,39.486,45.486,12,6,12
AC11-R3-C1	AC11	mixed-corner	19	1	original	VALID	0	0	0	2	0	1	1	14	36	24	0	0		-		tube	OK	1e-6	1	1	0.10	9de6d8c0	45.486,39.486,45.486,12,6,12
AC11-R3-C2	AC11	mixed-corner	19	2	fillet	VALID	0	0	0	2	0	1	1	498	1488	992	0	0	tube=3 capTri=11 cap=0 coons=0 saddle=0 flat=0 fan=0 weld=26 none=0	tube	tier=pullIn welded=0 gate=0 curvedFans=1 wallWalk=1	tube	OK	1e-6	1	1	0.11	9de6d8c0	45.486,39.486,45.486,12,6,12
AC11-R3-C3	AC11	mixed-corner	19	3	chamfer	VALID	0	0	0	2	0	1	1	111	327	218	0	0	tube=0 capTri=0 cap=0 coons=0 saddle=0 flat=3 fan=11 weld=26 none=0	flat	tier=fullMitre welded=0 gate=0 curvedFans=1 wallWalk=1	tube	OK	1e-6	1	1	0.11	9de6d8c0	45.486,39.486,45.486,12,6,12
AC11-R4-C1	AC11	mixed-corner	32	1	original	VALID	0	0	0	2	0	1	1	14	36	24	0	0		-		tube	OK	1e-6	1	1	0.10	9de6d8c0	45.486,39.486,45.486,12,6,12
AC11-R4-C2	AC11	mixed-corner	32	2	fillet	VALID	0	0	0	2	0	1	1	975	2919	1946	0	0	tube=3 capTri=11 cap=0 coons=0 saddle=0 flat=0 fan=0 weld=26 none=0	tube	tier=pullIn welded=0 gate=0 curvedFans=1 wallWalk=1	tube	OK	1e-6	1	1	0.11	9de6d8c0	45.486,39.486,45.486,12,6,12
AC11-R4-C3	AC11	mixed-corner	32	3	chamfer	VALID	0	0	0	2	0	1	1	111	327	218	0	0	tube=0 capTri=0 cap=0 coons=0 saddle=0 flat=3 fan=11 weld=26 none=0	flat	tier=fullMitre welded=0 gate=0 curvedFans=1 wallWalk=1	tube	OK	1e-6	1	1	0.11	9de6d8c0	45.486,39.486,45.486,12,6,12
AC11-R5-C1	AC11	mixed-corner	64	1	original	VALID	0	0	0	2	0	1	1	14	36	24	0	0		-		tube	OK	1e-6	1	1	0.10	9de6d8c0	45.486,39.486,45.486,12,6,12
AC11-R5-C2	AC11	mixed-corner	64	2	fillet	VALID	0	0	0	2	0	1	1	2995	8979	5986	0	0	tube=3 capTri=11 cap=0 coons=0 saddle=0 flat=0 fan=0 weld=26 none=0	tube	tier=pullIn welded=0 gate=0 curvedFans=1 wallWalk=1	tube	OK	1e-6	1	1	0.12	9de6d8c0	45.486,39.486,45.486,12,6,12
AC11-R5-C3	AC11	mixed-corner	64	3	chamfer	VALID	0	0	0	2	0	1	1	111	327	218	0	0	tube=0 capTri=0 cap=0 coons=0 saddle=0 flat=3 fan=11 weld=26 none=0	flat	tier=fullMitre welded=0 gate=0 curvedFans=1 wallWalk=1	tube	OK	1e-6	1	1	0.11	9de6d8c0	45.486,39.486,45.486,12,6,12
AC12-R1-C1	AC12	crease-terminus	stock	1	original	VALID	0	0	0	2	0	1	1	16	42	28	0	0		-		fan	OK	1e-6	1	1	0.10	9de6d8c0	-28.778,-14.022,26.145,0,9,6
AC12-R1-C2	AC12	crease-terminus	stock	2	fillet	VALID	0	0	0	2	0	1	1	84	246	164	0	0	tube=0 capTri=12 cap=0 coons=0 saddle=0 flat=0 fan=4 weld=0 none=0	capTri	tier=unsplit welded=0 gate=0 curvedFans=1 wallWalk=1	fan	OK	1e-6	1	1	0.12	9de6d8c0	-28.778,-14.022,26.145,0,9,6
AC12-R1-C3	AC12	crease-terminus	stock	3	chamfer	VALID	0	0	0	2	0	1	1	58	168	112	0	0	tube=0 capTri=0 cap=0 coons=0 saddle=0 flat=0 fan=16 weld=0 none=0	fan	tier=unsplit welded=0 gate=0 curvedFans=1 wallWalk=1	fan	OK	1e-6	1	1	0.11	9de6d8c0	-28.778,-14.022,26.145,0,9,6
AC12-R2-C1	AC12	crease-terminus	8	1	original	VALID	0	0	0	2	0	1	1	16	42	28	0	0		-		fan	OK	1e-6	1	1	0.10	9de6d8c0	-28.778,-14.022,26.145,0,9,6
AC12-R2-C2	AC12	crease-terminus	8	2	fillet	VALID	0	0	0	2	0	1	1	84	246	164	0	0	tube=0 capTri=12 cap=0 coons=0 saddle=0 flat=0 fan=4 weld=0 none=0	capTri	tier=unsplit welded=0 gate=0 curvedFans=1 wallWalk=1	fan	OK	1e-6	1	1	0.12	9de6d8c0	-28.778,-14.022,26.145,0,9,6
AC12-R2-C3	AC12	crease-terminus	8	3	chamfer	VALID	0	0	0	2	0	1	1	58	168	112	0	0	tube=0 capTri=0 cap=0 coons=0 saddle=0 flat=0 fan=16 weld=0 none=0	fan	tier=unsplit welded=0 gate=0 curvedFans=1 wallWalk=1	fan	OK	1e-6	1	1	0.11	9de6d8c0	-28.778,-14.022,26.145,0,9,6
AC12-R3-C1	AC12	crease-terminus	19	1	original	VALID	0	0	0	2	0	1	1	16	42	28	0	0		-		fan	OK	1e-6	1	1	0.10	9de6d8c0	-28.778,-14.022,26.145,0,9,6
AC12-R3-C2	AC12	crease-terminus	19	2	fillet	VALID	0	0	0	2	0	1	1	396	1182	788	0	0	tube=0 capTri=12 cap=0 coons=2 saddle=0 flat=0 fan=2 weld=0 none=0	capTri	tier=unsplit welded=0 gate=0 curvedFans=1 wallWalk=1	fan	OK	1e-6	1	1	0.12	9de6d8c0	-28.778,-14.022,26.145,0,9,6
AC12-R3-C3	AC12	crease-terminus	19	3	chamfer	VALID	0	0	0	2	0	1	1	58	168	112	0	0	tube=0 capTri=0 cap=0 coons=0 saddle=0 flat=0 fan=16 weld=0 none=0	fan	tier=unsplit welded=0 gate=0 curvedFans=1 wallWalk=1	fan	OK	1e-6	1	1	0.11	9de6d8c0	-28.778,-14.022,26.145,0,9,6
AC12-R4-C1	AC12	crease-terminus	32	1	original	VALID	0	0	0	2	0	1	1	16	42	28	0	0		-		fan	OK	1e-6	1	1	0.10	9de6d8c0	-28.778,-14.022,26.145,0,9,6
AC12-R4-C2	AC12	crease-terminus	32	2	fillet	VALID	0	0	0	2	0	1	1	726	2172	1448	2	0	tube=0 capTri=12 cap=0 coons=0 saddle=2 flat=0 fan=2 weld=0 none=0	capTri	tier=unsplit welded=0 gate=0 curvedFans=1 wallWalk=1	fan	OK	1e-6	1	1	0.20	9de6d8c0	-28.778,-14.022,26.145,0,9,6
AC12-R4-C3	AC12	crease-terminus	32	3	chamfer	VALID	0	0	0	2	0	1	1	58	168	112	0	0	tube=0 capTri=0 cap=0 coons=0 saddle=0 flat=0 fan=16 weld=0 none=0	fan	tier=unsplit welded=0 gate=0 curvedFans=1 wallWalk=1	fan	OK	1e-6	1	1	0.11	9de6d8c0	-28.778,-14.022,26.145,0,9,6
AC12-R5-C1	AC12	crease-terminus	64	1	original	VALID	0	0	0	2	0	1	1	16	42	28	0	0		-		fan	OK	1e-6	1	1	0.10	9de6d8c0	-28.778,-14.022,26.145,0,9,6
AC12-R5-C2	AC12	crease-terminus	64	2	fillet	VALID	0	0	0	2	0	1	1	2470	7404	4936	2	0	tube=0 capTri=12 cap=0 coons=0 saddle=2 flat=0 fan=2 weld=0 none=0	capTri	tier=unsplit welded=0 gate=0 curvedFans=1 wallWalk=1	fan	OK	1e-6	1	1	0.33	9de6d8c0	-28.778,-14.022,26.145,0,9,6
AC12-R5-C3	AC12	crease-terminus	64	3	chamfer	VALID	0	0	0	2	0	1	1	58	168	112	0	0	tube=0 capTri=0 cap=0 coons=0 saddle=0 flat=0 fan=16 weld=0 none=0	fan	tier=unsplit welded=0 gate=0 curvedFans=1 wallWalk=1	fan	OK	1e-6	1	1	0.11	9de6d8c0	-28.778,-14.022,26.145,0,9,6
AC13-R1-C1	AC13	tessellation	stock	1	original	VALID	0	0	0	2	0	1	1	152	450	300	0	0		-		flat	OK	1e-6	1	1	0.11	9de6d8c0	46.268,-46.268,28.507,0,0,10
AC13-R1-C2	AC13	tessellation	stock	2	fillet	VALID	0	0	0	2	0	1	1	444	1326	884	0	0	tube=0 capTri=0 cap=0 coons=0 saddle=0 flat=4 fan=0 weld=144 none=0	flat	tier=pullIn welded=1 gate=0 curvedFans=1 wallWalk=1	flat	OK	1e-6	1	1	0.14	9de6d8c0	46.268,-46.268,28.507,0,0,10
AC13-R1-C3	AC13	tessellation	stock	3	chamfer	VALID	0	0	0	2	0	1	1	292	870	580	0	0	tube=0 capTri=0 cap=0 coons=0 saddle=0 flat=0 fan=4 weld=144 none=0	fan	tier=pullIn welded=1 gate=0 curvedFans=1 wallWalk=1	flat	OK	1e-6	1	1	0.12	9de6d8c0	46.268,-46.268,28.507,0,0,10
AC13-R2-C1	AC13	tessellation	8	1	original	VALID	0	0	0	2	0	1	1	152	450	300	0	0		-		flat	OK	1e-6	1	1	0.11	9de6d8c0	46.268,-46.268,28.507,0,0,10
AC13-R2-C2	AC13	tessellation	8	2	fillet	VALID	0	0	0	2	0	1	1	444	1326	884	0	0	tube=0 capTri=0 cap=0 coons=0 saddle=0 flat=4 fan=0 weld=144 none=0	flat	tier=pullIn welded=1 gate=0 curvedFans=1 wallWalk=1	flat	OK	1e-6	1	1	0.14	9de6d8c0	46.268,-46.268,28.507,0,0,10
AC13-R2-C3	AC13	tessellation	8	3	chamfer	VALID	0	0	0	2	0	1	1	292	870	580	0	0	tube=0 capTri=0 cap=0 coons=0 saddle=0 flat=0 fan=4 weld=144 none=0	fan	tier=pullIn welded=1 gate=0 curvedFans=1 wallWalk=1	flat	OK	1e-6	1	1	0.12	9de6d8c0	46.268,-46.268,28.507,0,0,10
AC13-R3-C1	AC13	tessellation	19	1	original	VALID	0	0	0	2	0	1	1	152	450	300	0	0		-		flat	OK	1e-6	1	1	0.11	9de6d8c0	46.268,-46.268,28.507,0,0,10
AC13-R3-C2	AC13	tessellation	19	2	fillet	VALID	0	0	0	2	0	1	1	888	2658	1772	0	0	tube=0 capTri=0 cap=0 coons=0 saddle=0 flat=4 fan=0 weld=144 none=0	flat	tier=pullIn welded=1 gate=0 curvedFans=1 wallWalk=1	flat	OK	1e-6	1	1	0.14	9de6d8c0	46.268,-46.268,28.507,0,0,10
AC13-R3-C3	AC13	tessellation	19	3	chamfer	VALID	0	0	0	2	0	1	1	292	870	580	0	0	tube=0 capTri=0 cap=0 coons=0 saddle=0 flat=0 fan=4 weld=144 none=0	fan	tier=pullIn welded=1 gate=0 curvedFans=1 wallWalk=1	flat	OK	1e-6	1	1	0.12	9de6d8c0	46.268,-46.268,28.507,0,0,10
AC13-R4-C1	AC13	tessellation	32	1	original	VALID	0	0	0	2	0	1	1	152	450	300	0	0		-		flat	OK	1e-6	1	1	0.11	9de6d8c0	46.268,-46.268,28.507,0,0,10
AC13-R4-C2	AC13	tessellation	32	2	fillet	VALID	0	0	0	2	0	1	1	1332	3990	2660	0	0	tube=0 capTri=0 cap=0 coons=0 saddle=0 flat=4 fan=0 weld=144 none=0	flat	tier=pullIn welded=1 gate=0 curvedFans=1 wallWalk=1	flat	OK	1e-6	1	1	0.15	9de6d8c0	46.268,-46.268,28.507,0,0,10
AC13-R4-C3	AC13	tessellation	32	3	chamfer	VALID	0	0	0	2	0	1	1	292	870	580	0	0	tube=0 capTri=0 cap=0 coons=0 saddle=0 flat=0 fan=4 weld=144 none=0	fan	tier=pullIn welded=1 gate=0 curvedFans=1 wallWalk=1	flat	OK	1e-6	1	1	0.12	9de6d8c0	46.268,-46.268,28.507,0,0,10
AC13-R5-C1	AC13	tessellation	64	1	original	VALID	0	0	0	2	0	1	1	152	450	300	0	0		-		flat	OK	1e-6	1	1	0.10	9de6d8c0	46.268,-46.268,28.507,0,0,10
AC13-R5-C2	AC13	tessellation	64	2	fillet	VALID	0	0	0	2	0	1	1	2516	7542	5028	0	0	tube=0 capTri=0 cap=0 coons=0 saddle=0 flat=4 fan=0 weld=144 none=0	flat	tier=pullIn welded=1 gate=0 curvedFans=1 wallWalk=1	flat	OK	1e-6	1	1	0.17	9de6d8c0	46.268,-46.268,28.507,0,0,10
AC13-R5-C3	AC13	tessellation	64	3	chamfer	VALID	0	0	0	2	0	1	1	292	870	580	0	0	tube=0 capTri=0 cap=0 coons=0 saddle=0 flat=0 fan=4 weld=144 none=0	fan	tier=pullIn welded=1 gate=0 curvedFans=1 wallWalk=1	flat	OK	1e-6	1	1	0.12	9de6d8c0	46.268,-46.268,28.507,0,0,10
AC14-R1-C1	AC14	curved	stock	1	original	VALID	0	0	0	2	0	1	1	21	57	38	0	0		-		saddle	OK	1e-6	1	1	0.10	9de6d8c0	77.620,-69.710,54.797,7.91,0,6
AC14-R1-C2	AC14	curved	stock	2	fillet	VALID	0	0	0	2	0	1	1	224	666	444	0	1	tube=0 capTri=8 cap=0 coons=0 saddle=2 flat=2 fan=2 weld=44 none=0	capTri	tier=pullIn welded=0 gate=1 curvedFans=1 wallWalk=1	saddle	OK	1e-6	1	1	0.12	9de6d8c0	77.620,-69.710,54.797,7.91,0,6
AC14-R1-C3	AC14	curved	stock	3	chamfer	VALID	0	0	0	2	0	1	1	160	474	316	0	0	tube=0 capTri=0 cap=0 coons=0 saddle=0 flat=0 fan=12 weld=56 none=0	fan	tier=baseline welded=0 gate=0 curvedFans=1 wallWalk=1	saddle	OK	1e-6	1	1	0.11	9de6d8c0	77.620,-69.710,54.797,7.91,0,6
AC14-R2-C1	AC14	curved	8	1	original	VALID	0	0	0	2	0	1	1	17	45	30	0	0		-		saddle	OK	1e-6	1	1	0.10	9de6d8c0	77.620,-69.710,54.797,7.91,0,6
AC14-R2-C2	AC14	curved	8	2	fillet	VALID	0	0	0	2	0	1	1	260	774	516	0	0	tube=2 capTri=10 cap=1 coons=0 saddle=0 flat=0 fan=1 weld=54 none=0	tube	tier=pullIn welded=0 gate=0 curvedFans=1 wallWalk=1	saddle	OK	1e-6	1	1	0.11	9de6d8c0	77.620,-69.710,54.797,7.91,0,6
AC14-R2-C3	AC14	curved	8	3	chamfer	VALID	0	0	0	2	0	1	1	164	486	324	0	0	tube=0 capTri=0 cap=0 coons=0 saddle=0 flat=2 fan=10 weld=56 none=0	flat	tier=fullMitre welded=0 gate=0 curvedFans=1 wallWalk=1	saddle	OK	1e-6	1	1	0.11	9de6d8c0	77.620,-69.710,54.797,7.91,0,6
AC14-R3-C1	AC14	curved	19	1	original	VALID	0	0	0	2	0	1	1	19	51	34	0	0		-		saddle	OK	1e-6	1	1	0.10	9de6d8c0	77.620,-69.710,54.797,7.91,0,6
AC14-R3-C2	AC14	curved	19	2	fillet	VALID	0	0	0	2	0	1	1	618	1848	1232	0	0	tube=2 capTri=10 cap=0 coons=0 saddle=0 flat=0 fan=0 weld=54 none=0	tube	tier=pullIn welded=0 gate=0 curvedFans=1 wallWalk=1	saddle	OK	1e-6	1	1	0.11	9de6d8c0	77.620,-69.710,54.797,7.91,0,6
AC14-R3-C3	AC14	curved	19	3	chamfer	VALID	0	0	0	2	0	1	1	160	474	316	0	0	tube=0 capTri=0 cap=0 coons=0 saddle=0 flat=2 fan=10 weld=54 none=0	flat	tier=fullMitre welded=0 gate=0 curvedFans=1 wallWalk=1	saddle	OK	1e-6	1	1	0.11	9de6d8c0	77.620,-69.710,54.797,7.91,0,6
AC14-R4-C1	AC14	curved	32	1	original	VALID	0	0	0	2	0	1	1	24	66	44	0	0		-		saddle	OK	1e-6	1	1	0.10	9de6d8c0	77.620,-69.710,54.797,7.91,0,6
AC14-R4-C2	AC14	curved	32	2	fillet	VALID	0	0	0	2	0	1	1	1162	3480	2320	0	0	tube=2 capTri=8 cap=0 coons=0 saddle=0 flat=2 fan=9 weld=53 none=0	tube	tier=pullIn welded=0 gate=0 curvedFans=1 wallWalk=1	saddle	OK	1e-6	1	1	0.11	9de6d8c0	77.620,-69.710,54.797,7.91,0,6
AC14-R4-C3	AC14	curved	32	3	chamfer	VALID	0	0	0	2	0	1	1	172	510	340	0	0	tube=0 capTri=0 cap=0 coons=0 saddle=0 flat=2 fan=19 weld=53 none=0	flat	tier=baseline welded=0 gate=0 curvedFans=1 wallWalk=1	saddle	OK	1e-6	1	1	0.11	9de6d8c0	77.620,-69.710,54.797,7.91,0,6
AC14-R5-C1	AC14	curved	64	1	original	VALID	0	0	0	2	0	1	1	24	66	44	0	0		-		saddle	OK	1e-6	1	1	0.10	9de6d8c0	77.620,-69.710,54.797,7.91,0,6
AC14-R5-C2	AC14	curved	64	2	fillet	VALID	0	0	0	2	0	1	1	3094	9276	6184	0	0	tube=2 capTri=10 cap=0 coons=0 saddle=0 flat=0 fan=0 weld=56 none=0	tube	tier=pullIn welded=0 gate=0 curvedFans=1 wallWalk=1	saddle	OK	1e-6	1	1	0.12	9de6d8c0	77.620,-69.710,54.797,7.91,0,6
AC14-R5-C3	AC14	curved	64	3	chamfer	VALID	0	0	0	2	0	1	1	160	474	316	0	0	tube=0 capTri=0 cap=0 coons=0 saddle=0 flat=0 fan=12 weld=56 none=0	fan	tier=baseline welded=0 gate=0 curvedFans=1 wallWalk=1	saddle	OK	1e-6	1	1	0.11	9de6d8c0	77.620,-69.710,54.797,7.91,0,6
AC15-R1-C1	AC15	curved	stock	1	original	VALID	0	0	0	2	0	1	1	69	201	134	0	0		-		flat	OK	1e-6	1	1	0.11	9de6d8c0	37.686,-30.806,28.180,6,0.88,6
AC15-R1-C2	AC15	curved	stock	2	fillet	VALID	0	0	0	2	0	1	1	86	252	168	0	1	tube=0 capTri=0 cap=0 coons=0 saddle=0 flat=2 fan=0 weld=2 none=0	flat	tier=pullIn welded=0 gate=1 curvedFans=1 wallWalk=1	flat	OK	1e-6	1	1	0.14	9de6d8c0	37.686,-30.806,28.180,6,0.88,6
AC15-R1-C3	AC15	curved	stock	3	chamfer	VALID	0	0	0	2	0	1	1	84	246	164	0	1	tube=0 capTri=0 cap=0 coons=0 saddle=0 flat=0 fan=2 weld=2 none=0	fan	tier=pullIn welded=0 gate=1 curvedFans=1 wallWalk=1	flat	OK	1e-6	1	1	0.13	9de6d8c0	37.686,-30.806,28.180,6,0.88,6
AC15-R2-C1	AC15	curved	8	1	original	VALID	0	0	0	2	0	1	1	25	69	46	0	0		-		flat	OK	1e-6	1	1	0.10	9de6d8c0	37.686,-30.806,28.180,6,0.88,6
AC15-R2-C2	AC15	curved	8	2	fillet	VALID	0	0	0	2	0	1	1	159	471	314	0	1	tube=0 capTri=0 cap=13 coons=0 saddle=2 flat=0 fan=0 weld=4 none=0	cap	tier=pullIn welded=1 gate=1 curvedFans=1 wallWalk=1	flat	OK	1e-6	1	1	0.14	9de6d8c0	37.686,-30.806,28.180,6,0.88,6
AC15-R2-C3	AC15	curved	8	3	chamfer	VALID	0	0	0	2	0	1	1	69	201	134	0	0	tube=0 capTri=0 cap=0 coons=0 saddle=0 flat=2 fan=2 weld=26 none=0	flat	tier=fullMitre welded=0 gate=0 curvedFans=1 wallWalk=1	flat	OK	1e-6	1	1	0.11	9de6d8c0	37.686,-30.806,28.180,6,0.88,6
AC15-R3-C1	AC15	curved	19	1	original	VALID	0	0	0	2	0	1	1	47	135	90	0	0		-		flat	OK	1e-6	1	1	0.10	9de6d8c0	37.686,-30.806,28.180,6,0.88,6
AC15-R3-C2	AC15	curved	19	2	fillet	VALID	0	0	0	2	0	1	1	135	399	266	0	1	tube=0 capTri=0 cap=0 coons=0 saddle=0 flat=2 fan=2 weld=11 none=0	flat	tier=pullIn welded=0 gate=1 curvedFans=1 wallWalk=1	flat	OK	1e-6	1	1	0.15	9de6d8c0	37.686,-30.806,28.180,6,0.88,6
AC15-R3-C3	AC15	curved	19	3	chamfer	VALID	0	0	0	2	0	1	1	116	342	228	0	0	tube=0 capTri=0 cap=0 coons=0 saddle=0 flat=2 fan=2 weld=50 none=0	flat	tier=fullMitre welded=0 gate=0 curvedFans=1 wallWalk=1	flat	OK	1e-6	1	1	0.11	9de6d8c0	37.686,-30.806,28.180,6,0.88,6
AC15-R4-C1	AC15	curved	32	1	original	VALID	0	0	0	2	0	1	1	73	213	142	0	0		-		flat	OK	1e-6	1	1	0.11	9de6d8c0	37.686,-30.806,28.180,6,0.88,6
AC15-R4-C2	AC15	curved	32	2	fillet	VALID	0	0	0	2	0	1	1	114	336	224	0	1	tube=0 capTri=0 cap=0 coons=0 saddle=0 flat=2 fan=0 weld=2 none=0	flat	tier=pullIn welded=0 gate=1 curvedFans=1 wallWalk=1	flat	OK	1e-6	1	1	0.17	9de6d8c0	37.686,-30.806,28.180,6,0.88,6
AC15-R4-C3	AC15	curved	32	3	chamfer	VALID	0	0	0	2	0	1	1	88	258	172	0	1	tube=0 capTri=0 cap=0 coons=0 saddle=0 flat=0 fan=2 weld=2 none=0	fan	tier=pullIn welded=0 gate=1 curvedFans=1 wallWalk=1	flat	OK	1e-6	1	1	0.13	9de6d8c0	37.686,-30.806,28.180,6,0.88,6
AC15-R5-C1	AC15	curved	64	1	original	VALID	0	0	0	2	0	1	1	137	405	270	0	0		-		flat	OK	1e-6	1	1	0.11	9de6d8c0	37.686,-30.806,28.180,6,0.88,6
AC15-R5-C2	AC15	curved	64	2	fillet	VALID	0	0	0	2	0	1	1	2678	8028	5352	2	0	tube=0 capTri=2 cap=0 coons=0 saddle=0 flat=0 fan=6 weld=136 none=0	capTri	tier=baseline welded=0 gate=0 curvedFans=1 wallWalk=1	flat	OK	1e-6	1	1	0.56	9de6d8c0	37.686,-30.806,28.180,6,0.88,6
AC15-R5-C3	AC15	curved	64	3	chamfer	VALID	0	0	0	2	0	1	1	274	816	544	2	0	tube=0 capTri=0 cap=0 coons=0 saddle=0 flat=2 fan=2 weld=134 none=0	flat	tier=fullMitre welded=1 gate=0 curvedFans=1 wallWalk=0	flat	OK	1e-6	1	1	0.26	9de6d8c0	37.686,-30.806,28.180,6,0.88,6
AC16-R1-C1	AC16	surface-grouping	stock	1	original	VALID	0	0	0	2	0	1	1	18	48	32	0	0		-		coons	OK	1e-6	1	1	0.10	9de6d8c0	75.710,-69.710,54.797,6,0,6
AC16-R1-C2	AC16	surface-grouping	stock	2	fillet	VALID	0	0	0	2	0	1	1	247	735	490	0	0	tube=1 capTri=10 cap=0 coons=1 saddle=0 flat=0 fan=0 weld=55 none=0	tube	tier=fullMitre welded=0 gate=0 curvedFans=1 wallWalk=0	coons	OK	1e-6	1	1	0.19	9de6d8c0	75.710,-69.710,54.797,6,0,6
AC16-R1-C3	AC16	surface-grouping	stock	3	chamfer	VALID	0	0	0	2	0	1	1	159	471	314	0	0	tube=0 capTri=0 cap=0 coons=0 saddle=0 flat=2 fan=10 weld=55 none=0	flat	tier=fullMitre welded=0 gate=0 curvedFans=1 wallWalk=0	coons	OK	1e-6	1	1	0.15	9de6d8c0	75.710,-69.710,54.797,6,0,6
AC16-R2-C1	AC16	surface-grouping	8	1	original	VALID	0	0	0	2	0	1	1	18	48	32	0	0		-		coons	OK	1e-6	1	1	0.10	9de6d8c0	75.710,-69.710,54.797,6,0,6
AC16-R2-C2	AC16	surface-grouping	8	2	fillet	VALID	0	0	0	2	0	1	1	247	735	490	0	0	tube=1 capTri=10 cap=0 coons=1 saddle=0 flat=0 fan=0 weld=55 none=0	tube	tier=fullMitre welded=0 gate=0 curvedFans=1 wallWalk=0	coons	OK	1e-6	1	1	0.19	9de6d8c0	75.710,-69.710,54.797,6,0,6
AC16-R2-C3	AC16	surface-grouping	8	3	chamfer	VALID	0	0	0	2	0	1	1	159	471	314	0	0	tube=0 capTri=0 cap=0 coons=0 saddle=0 flat=2 fan=10 weld=55 none=0	flat	tier=fullMitre welded=0 gate=0 curvedFans=1 wallWalk=0	coons	OK	1e-6	1	1	0.14	9de6d8c0	75.710,-69.710,54.797,6,0,6
AC16-R3-C1	AC16	surface-grouping	19	1	original	VALID	0	0	0	2	0	1	1	18	48	32	0	0		-		coons	OK	1e-6	1	1	0.10	9de6d8c0	75.710,-69.710,54.797,6,0,6
AC16-R3-C2	AC16	surface-grouping	19	2	fillet	VALID	0	0	0	2	0	1	1	814	2436	1624	0	0	tube=1 capTri=10 cap=0 coons=1 saddle=0 flat=0 fan=0 weld=55 none=0	tube	tier=fullMitre welded=0 gate=0 curvedFans=1 wallWalk=0	coons	OK	1e-6	1	1	0.22	9de6d8c0	75.710,-69.710,54.797,6,0,6
AC16-R3-C3	AC16	surface-grouping	19	3	chamfer	VALID	0	0	0	2	0	1	1	159	471	314	0	0	tube=0 capTri=0 cap=0 coons=0 saddle=0 flat=2 fan=10 weld=55 none=0	flat	tier=fullMitre welded=0 gate=0 curvedFans=1 wallWalk=0	coons	OK	1e-6	1	1	0.15	9de6d8c0	75.710,-69.710,54.797,6,0,6
AC16-R4-C1	AC16	surface-grouping	32	1	original	VALID	0	0	0	2	0	1	1	18	48	32	0	0		-		coons	OK	1e-6	1	1	0.10	9de6d8c0	75.710,-69.710,54.797,6,0,6
AC16-R4-C2	AC16	surface-grouping	32	2	fillet	VALID	0	0	0	2	0	1	1	1405	4209	2806	0	0	tube=1 capTri=10 cap=0 coons=1 saddle=0 flat=0 fan=0 weld=55 none=0	tube	tier=fullMitre welded=0 gate=0 curvedFans=1 wallWalk=0	coons	OK	1e-6	1	1	0.27	9de6d8c0	75.710,-69.710,54.797,6,0,6
AC16-R4-C3	AC16	surface-grouping	32	3	chamfer	VALID	0	0	0	2	0	1	1	159	471	314	0	0	tube=0 capTri=0 cap=0 coons=0 saddle=0 flat=2 fan=10 weld=55 none=0	flat	tier=fullMitre welded=0 gate=0 curvedFans=1 wallWalk=0	coons	OK	1e-6	1	1	0.15	9de6d8c0	75.710,-69.710,54.797,6,0,6
AC16-R5-C1	AC16	surface-grouping	64	1	original	VALID	0	0	0	2	0	1	1	18	48	32	0	0		-		coons	OK	1e-6	1	1	0.10	9de6d8c0	75.710,-69.710,54.797,6,0,6
AC16-R5-C2	AC16	surface-grouping	64	2	fillet	VALID	0	0	0	2	0	1	1	3509	10521	7014	0	0	tube=1 capTri=10 cap=0 coons=1 saddle=0 flat=0 fan=0 weld=55 none=0	tube	tier=fullMitre welded=0 gate=0 curvedFans=1 wallWalk=0	coons	OK	1e-6	1	1	0.44	9de6d8c0	75.710,-69.710,54.797,6,0,6
AC16-R5-C3	AC16	surface-grouping	64	3	chamfer	VALID	0	0	0	2	0	1	1	159	471	314	0	0	tube=0 capTri=0 cap=0 coons=0 saddle=0 flat=2 fan=10 weld=55 none=0	flat	tier=fullMitre welded=0 gate=0 curvedFans=1 wallWalk=0	coons	OK	1e-6	1	1	0.14	9de6d8c0	75.710,-69.710,54.797,6,0,6
AC17-R1-C1	AC17	fit	stock	1	original	VALID	0	0	0	2	0	1	1	15	39	26	0	0		-		saddle	OK	1e-6	1	1	0.10	9de6d8c0	52.430,-49.430,40.601,3,0,6
AC17-R1-C2	AC17	fit	stock	2	fillet	VALID	0	0	0	2	0	1	1	138	408	272	0	1	tube=0 capTri=4 cap=2 coons=0 saddle=2 flat=0 fan=0 weld=18 none=4	capTri	tier=pullIn welded=0 gate=1 curvedFans=1 wallWalk=1	saddle	OK	1e-6	1	1	0.12	9de6d8c0	52.430,-49.430,40.601,3,0,6
AC17-R1-C3	AC17	fit	stock	3	chamfer	VALID	0	0	0	2	0	1	1	90	264	176	0	1	tube=0 capTri=0 cap=0 coons=0 saddle=0 flat=0 fan=10 weld=20 none=0	fan	tier=pullIn welded=0 gate=1 curvedFans=1 wallWalk=1	saddle	OK	1e-6	1	1	0.11	9de6d8c0	52.430,-49.430,40.601,3,0,6
AC17-R2-C1	AC17	fit	8	1	original	VALID	0	0	0	2	0	1	1	15	39	26	0	0		-		saddle	OK	1e-6	1	1	0.10	9de6d8c0	52.430,-49.430,40.601,3,0,6
AC17-R2-C2	AC17	fit	8	2	fillet	VALID	0	0	0	2	0	1	1	138	408	272	0	1	tube=0 capTri=4 cap=2 coons=0 saddle=2 flat=0 fan=0 weld=18 none=4	capTri	tier=pullIn welded=0 gate=1 curvedFans=1 wallWalk=1	saddle	OK	1e-6	1	1	0.12	9de6d8c0	52.430,-49.430,40.601,3,0,6
AC17-R2-C3	AC17	fit	8	3	chamfer	VALID	0	0	0	2	0	1	1	90	264	176	0	1	tube=0 capTri=0 cap=0 coons=0 saddle=0 flat=0 fan=10 weld=20 none=0	fan	tier=pullIn welded=0 gate=1 curvedFans=1 wallWalk=1	saddle	OK	1e-6	1	1	0.11	9de6d8c0	52.430,-49.430,40.601,3,0,6
AC17-R3-C1	AC17	fit	19	1	original	VALID	0	0	0	2	0	1	1	15	39	26	0	0		-		saddle	OK	1e-6	1	1	0.10	9de6d8c0	52.430,-49.430,40.601,3,0,6
AC17-R3-C2	AC17	fit	19	2	fillet	VALID	0	0	0	2	0	1	1	414	1236	824	0	1	tube=0 capTri=4 cap=2 coons=2 saddle=0 flat=0 fan=0 weld=18 none=4	capTri	tier=pullIn welded=0 gate=1 curvedFans=1 wallWalk=1	saddle	OK	1e-6	1	1	0.15	9de6d8c0	52.430,-49.430,40.601,3,0,6
AC17-R3-C3	AC17	fit	19	3	chamfer	VALID	0	0	0	2	0	1	1	90	264	176	0	1	tube=0 capTri=0 cap=0 coons=0 saddle=0 flat=0 fan=10 weld=20 none=0	fan	tier=pullIn welded=0 gate=1 curvedFans=1 wallWalk=1	saddle	OK	1e-6	1	1	0.11	9de6d8c0	52.430,-49.430,40.601,3,0,6
AC17-R4-C1	AC17	fit	32	1	original	VALID	0	0	0	2	0	1	1	15	39	26	0	0		-		saddle	OK	1e-6	1	1	0.10	9de6d8c0	52.430,-49.430,40.601,3,0,6
AC17-R4-C2	AC17	fit	32	2	fillet	VALID	0	0	0	2	0	1	1	778	2328	1552	0	1	tube=0 capTri=4 cap=2 coons=1 saddle=0 flat=1 fan=0 weld=18 none=4	capTri	tier=pullIn welded=0 gate=1 curvedFans=1 wallWalk=1	saddle	OK	1e-6	1	1	0.15	9de6d8c0	52.430,-49.430,40.601,3,0,6
AC17-R4-C3	AC17	fit	32	3	chamfer	VALID	0	0	0	2	0	1	1	90	264	176	0	1	tube=0 capTri=0 cap=0 coons=0 saddle=0 flat=0 fan=10 weld=20 none=0	fan	tier=pullIn welded=0 gate=1 curvedFans=1 wallWalk=1	saddle	OK	1e-6	1	1	0.11	9de6d8c0	52.430,-49.430,40.601,3,0,6
AC17-R5-C1	AC17	fit	64	1	original	VALID	0	0	0	2	0	1	1	15	39	26	0	0		-		saddle	OK	1e-6	1	1	0.10	9de6d8c0	52.430,-49.430,40.601,3,0,6
AC17-R5-C2	AC17	fit	64	2	fillet	VALID	0	0	0	2	0	1	1	2088	6258	4172	0	1	tube=0 capTri=4 cap=2 coons=0 saddle=0 flat=2 fan=0 weld=18 none=4	capTri	tier=pullIn welded=0 gate=1 curvedFans=1 wallWalk=1	saddle	OK	1e-6	1	1	0.20	9de6d8c0	52.430,-49.430,40.601,3,0,6
AC17-R5-C3	AC17	fit	64	3	chamfer	VALID	0	0	0	2	0	1	1	90	264	176	0	1	tube=0 capTri=0 cap=0 coons=0 saddle=0 flat=0 fan=10 weld=20 none=0	fan	tier=pullIn welded=0 gate=1 curvedFans=1 wallWalk=1	saddle	OK	1e-6	1	1	0.11	9de6d8c0	52.430,-49.430,40.601,3,0,6
AC18-R1-C1	AC18	fit	stock	1	original	VALID	0	0	0	2	0	1	1	19	51	34	0	0		-		tube	OK	1e-6	1	1	0.10	9de6d8c0	35.151,-29.151,26.406,6,0,6
AC18-R1-C2	AC18	fit	stock	2	fillet	VALID	0	0	0	2	0	1	1	198	588	392	0	0	tube=2 capTri=10 cap=0 coons=0 saddle=0 flat=0 fan=0 weld=16 none=0	tube	tier=pullIn welded=0 gate=0 curvedFans=1 wallWalk=1	tube	OK	1e-6	1	1	0.11	9de6d8c0	35.151,-29.151,26.406,6,0,6
AC18-R1-C3	AC18	fit	stock	3	chamfer	VALID	0	0	0	2	0	1	1	82	240	160	0	0	tube=0 capTri=0 cap=0 coons=0 saddle=0 flat=2 fan=10 weld=16 none=0	flat	tier=fullMitre welded=0 gate=0 curvedFans=1 wallWalk=1	tube	OK	1e-6	1	1	0.11	9de6d8c0	35.151,-29.151,26.406,6,0,6
AC18-R2-C1	AC18	fit	8	1	original	VALID	0	0	0	2	0	1	1	19	51	34	0	0		-		tube	OK	1e-6	1	1	0.10	9de6d8c0	35.151,-29.151,26.406,6,0,6
AC18-R2-C2	AC18	fit	8	2	fillet	VALID	0	0	0	2	0	1	1	128	378	252	0	0	tube=2 capTri=10 cap=0 coons=0 saddle=0 flat=0 fan=0 weld=16 none=0	tube	tier=pullIn welded=0 gate=0 curvedFans=1 wallWalk=1	tube	OK	1e-6	1	1	0.11	9de6d8c0	35.151,-29.151,26.406,6,0,6
AC18-R2-C3	AC18	fit	8	3	chamfer	VALID	0	0	0	2	0	1	1	82	240	160	0	0	tube=0 capTri=0 cap=0 coons=0 saddle=0 flat=2 fan=10 weld=16 none=0	flat	tier=fullMitre welded=0 gate=0 curvedFans=1 wallWalk=1	tube	OK	1e-6	1	1	0.11	9de6d8c0	35.151,-29.151,26.406,6,0,6
AC18-R3-C1	AC18	fit	19	1	original	VALID	0	0	0	2	0	1	1	19	51	34	0	0		-		tube	OK	1e-6	1	1	0.10	9de6d8c0	35.151,-29.151,26.406,6,0,6
AC18-R3-C2	AC18	fit	19	2	fillet	VALID	0	0	0	2	0	1	1	380	1134	756	0	0	tube=2 capTri=10 cap=0 coons=0 saddle=0 flat=0 fan=0 weld=16 none=0	tube	tier=pullIn welded=0 gate=0 curvedFans=1 wallWalk=1	tube	OK	1e-6	1	1	0.11	9de6d8c0	35.151,-29.151,26.406,6,0,6
AC18-R3-C3	AC18	fit	19	3	chamfer	VALID	0	0	0	2	0	1	1	82	240	160	0	0	tube=0 capTri=0 cap=0 coons=0 saddle=0 flat=2 fan=10 weld=16 none=0	flat	tier=fullMitre welded=0 gate=0 curvedFans=1 wallWalk=1	tube	OK	1e-6	1	1	0.11	9de6d8c0	35.151,-29.151,26.406,6,0,6
AC18-R4-C1	AC18	fit	32	1	original	VALID	0	0	0	2	0	1	1	19	51	34	0	0		-		tube	OK	1e-6	1	1	0.10	9de6d8c0	35.151,-29.151,26.406,6,0,6
AC18-R4-C2	AC18	fit	32	2	fillet	VALID	0	0	0	2	0	1	1	758	2268	1512	0	0	tube=2 capTri=10 cap=0 coons=0 saddle=0 flat=0 fan=0 weld=16 none=0	tube	tier=pullIn welded=0 gate=0 curvedFans=1 wallWalk=1	tube	OK	1e-6	1	1	0.11	9de6d8c0	35.151,-29.151,26.406,6,0,6
AC18-R4-C3	AC18	fit	32	3	chamfer	VALID	0	0	0	2	0	1	1	82	240	160	0	0	tube=0 capTri=0 cap=0 coons=0 saddle=0 flat=2 fan=10 weld=16 none=0	flat	tier=fullMitre welded=0 gate=0 curvedFans=1 wallWalk=1	tube	OK	1e-6	1	1	0.11	9de6d8c0	35.151,-29.151,26.406,6,0,6
AC18-R5-C1	AC18	fit	64	1	original	VALID	0	0	0	2	0	1	1	19	51	34	0	0		-		tube	OK	1e-6	1	1	0.10	9de6d8c0	35.151,-29.151,26.406,6,0,6
AC18-R5-C2	AC18	fit	64	2	fillet	VALID	0	0	0	2	0	1	1	2382	7140	4760	0	0	tube=2 capTri=10 cap=0 coons=0 saddle=0 flat=0 fan=0 weld=16 none=0	tube	tier=pullIn welded=0 gate=0 curvedFans=1 wallWalk=1	tube	OK	1e-6	1	1	0.12	9de6d8c0	35.151,-29.151,26.406,6,0,6
AC18-R5-C3	AC18	fit	64	3	chamfer	VALID	0	0	0	2	0	1	1	82	240	160	0	0	tube=0 capTri=0 cap=0 coons=0 saddle=0 flat=2 fan=10 weld=16 none=0	flat	tier=fullMitre welded=0 gate=0 curvedFans=1 wallWalk=1	tube	OK	1e-6	1	1	0.11	9de6d8c0	35.151,-29.151,26.406,6,0,6
AC19-R1-C1	AC19	refusal	stock	1	original	VALID	0	0	0	2	0	1	1	15	39	26	0	0		-		flat	OK	1e-6	1	1	0.10	9de6d8c0	36.419,-30.419,27.293,6,0,6
AC19-R1-C2	AC19	refusal	stock	2	fillet	VALID	0	0	0	2	0	1	1	64	186	124	0	1	tube=0 capTri=0 cap=0 coons=0 saddle=0 flat=2 fan=0 weld=0 none=10	flat	tier=pullIn welded=0 gate=1 curvedFans=1 wallWalk=1	flat	OK	1e-6	1	1	0.13	9de6d8c0	36.419,-30.419,27.293,6,0,6
AC19-R1-C3	AC19	refusal	stock	3	chamfer	VALID	0	0	0	2	0	1	1	50	144	96	0	1	tube=0 capTri=0 cap=0 coons=0 saddle=0 flat=0 fan=12 weld=0 none=0	fan	tier=pullIn welded=0 gate=1 curvedFans=1 wallWalk=1	flat	OK	1e-6	1	1	0.11	9de6d8c0	36.419,-30.419,27.293,6,0,6
AC19-R2-C1	AC19	refusal	8	1	original	VALID	0	0	0	2	0	1	1	15	39	26	0	0		-		flat	OK	1e-6	1	1	0.10	9de6d8c0	36.419,-30.419,27.293,6,0,6
AC19-R2-C2	AC19	refusal	8	2	fillet	VALID	0	0	0	2	0	1	1	40	114	76	0	1	tube=0 capTri=0 cap=0 coons=0 saddle=0 flat=2 fan=0 weld=0 none=10	flat	tier=pullIn welded=0 gate=1 curvedFans=1 wallWalk=1	flat	OK	1e-6	1	1	0.11	9de6d8c0	36.419,-30.419,27.293,6,0,6
AC19-R2-C3	AC19	refusal	8	3	chamfer	VALID	0	0	0	2	0	1	1	50	144	96	0	1	tube=0 capTri=0 cap=0 coons=0 saddle=0 flat=0 fan=12 weld=0 none=0	fan	tier=pullIn welded=0 gate=1 curvedFans=1 wallWalk=1	flat	OK	1e-6	1	1	0.11	9de6d8c0	36.419,-30.419,27.293,6,0,6
AC19-R3-C1	AC19	refusal	19	1	original	VALID	0	0	0	2	0	1	1	15	39	26	0	0		-		flat	OK	1e-6	1	1	0.11	9de6d8c0	36.419,-30.419,27.293,6,0,6
AC19-R3-C2	AC19	refusal	19	2	fillet	VALID	0	0	0	2	0	1	1	76	222	148	0	1	tube=0 capTri=0 cap=0 coons=0 saddle=0 flat=2 fan=0 weld=0 none=10	flat	tier=pullIn welded=0 gate=1 curvedFans=1 wallWalk=1	flat	OK	1e-6	1	1	0.13	9de6d8c0	36.419,-30.419,27.293,6,0,6
AC19-R3-C3	AC19	refusal	19	3	chamfer	VALID	0	0	0	2	0	1	1	50	144	96	0	1	tube=0 capTri=0 cap=0 coons=0 saddle=0 flat=0 fan=12 weld=0 none=0	fan	tier=pullIn welded=0 gate=1 curvedFans=1 wallWalk=1	flat	OK	1e-6	1	1	0.11	9de6d8c0	36.419,-30.419,27.293,6,0,6
AC19-R4-C1	AC19	refusal	32	1	original	VALID	0	0	0	2	0	1	1	15	39	26	0	0		-		flat	OK	1e-6	1	1	0.10	9de6d8c0	36.419,-30.419,27.293,6,0,6
AC19-R4-C2	AC19	refusal	32	2	fillet	VALID	0	0	0	2	0	1	1	112	330	220	0	1	tube=0 capTri=0 cap=0 coons=0 saddle=0 flat=2 fan=0 weld=0 none=10	flat	tier=pullIn welded=0 gate=1 curvedFans=1 wallWalk=1	flat	OK	1e-6	1	1	0.14	9de6d8c0	36.419,-30.419,27.293,6,0,6
AC19-R4-C3	AC19	refusal	32	3	chamfer	VALID	0	0	0	2	0	1	1	50	144	96	0	1	tube=0 capTri=0 cap=0 coons=0 saddle=0 flat=0 fan=12 weld=0 none=0	fan	tier=pullIn welded=0 gate=1 curvedFans=1 wallWalk=1	flat	OK	1e-6	1	1	0.11	9de6d8c0	36.419,-30.419,27.293,6,0,6
AC19-R5-C1	AC19	refusal	64	1	original	VALID	0	0	0	2	0	1	1	15	39	26	0	0		-		flat	OK	1e-6	1	1	0.10	9de6d8c0	36.419,-30.419,27.293,6,0,6
AC19-R5-C2	AC19	refusal	64	2	fillet	VALID	0	0	0	2	0	1	1	208	618	412	0	1	tube=0 capTri=0 cap=0 coons=0 saddle=0 flat=2 fan=0 weld=0 none=10	flat	tier=pullIn welded=0 gate=1 curvedFans=1 wallWalk=1	flat	OK	1e-6	1	1	0.17	9de6d8c0	36.419,-30.419,27.293,6,0,6
AC19-R5-C3	AC19	refusal	64	3	chamfer	VALID	0	0	0	2	0	1	1	50	144	96	0	1	tube=0 capTri=0 cap=0 coons=0 saddle=0 flat=0 fan=12 weld=0 none=0	fan	tier=pullIn welded=0 gate=1 curvedFans=1 wallWalk=1	flat	OK	1e-6	1	1	0.11	9de6d8c0	36.419,-30.419,27.293,6,0,6
AC20-R1-C1	AC20	refusal	stock	1	original	VALID	0	0	0	2	0	1	1	20	54	36	0	0		-		capTri	OK	1e-6	1	1	0.10	9de6d8c0	46.557,-39.057,30.934,7.5,0,7.5
AC20-R1-C2	AC20	refusal	stock	2	fillet	VALID	0	0	0	2	0	1	1	510	1524	1016	0	0	tube=0 capTri=14 cap=0 coons=0 saddle=5 flat=1 fan=0 weld=122 none=0	capTri	tier=baseline welded=0 gate=0 curvedFans=1 wallWalk=1	capTri	OK	1e-6	1	1	0.12	9de6d8c0	46.557,-39.057,30.934,7.5,0,7.5
AC20-R1-C3	AC20	refusal	stock	3	chamfer	VALID	0	0	0	2	0	1	1	324	966	644	0	0	tube=0 capTri=0 cap=0 coons=0 saddle=0 flat=0 fan=20 weld=122 none=0	fan	tier=baseline welded=0 gate=0 curvedFans=1 wallWalk=1	capTri	OK	1e-6	1	1	0.12	9de6d8c0	46.557,-39.057,30.934,7.5,0,7.5
AC20-R2-C1	AC20	refusal	8	1	original	VALID	0	0	0	2	0	1	1	20	54	36	0	0		-		capTri	OK	1e-6	1	1	0.10	9de6d8c0	46.557,-39.057,30.934,7.5,0,7.5
AC20-R2-C2	AC20	refusal	8	2	fillet	VALID	0	0	0	2	0	1	1	510	1524	1016	0	0	tube=0 capTri=14 cap=0 coons=0 saddle=5 flat=1 fan=0 weld=122 none=0	capTri	tier=baseline welded=0 gate=0 curvedFans=1 wallWalk=1	capTri	OK	1e-6	1	1	0.12	9de6d8c0	46.557,-39.057,30.934,7.5,0,7.5
AC20-R2-C3	AC20	refusal	8	3	chamfer	VALID	0	0	0	2	0	1	1	324	966	644	0	0	tube=0 capTri=0 cap=0 coons=0 saddle=0 flat=0 fan=20 weld=122 none=0	fan	tier=baseline welded=0 gate=0 curvedFans=1 wallWalk=1	capTri	OK	1e-6	1	1	0.12	9de6d8c0	46.557,-39.057,30.934,7.5,0,7.5
AC20-R3-C1	AC20	refusal	19	1	original	VALID	0	0	0	2	0	1	1	20	54	36	0	0		-		capTri	OK	1e-6	1	1	0.10	9de6d8c0	46.557,-39.057,30.934,7.5,0,7.5
AC20-R3-C2	AC20	refusal	19	2	fillet	VALID	0	0	0	2	0	1	1	1417	4245	2830	0	0	tube=0 capTri=14 cap=0 coons=0 saddle=5 flat=0 fan=1 weld=122 none=0	capTri	tier=baseline welded=0 gate=0 curvedFans=1 wallWalk=1	capTri	OK	1e-6	1	1	0.13	9de6d8c0	46.557,-39.057,30.934,7.5,0,7.5
AC20-R3-C3	AC20	refusal	19	3	chamfer	VALID	0	0	0	2	0	1	1	324	966	644	0	0	tube=0 capTri=0 cap=0 coons=0 saddle=0 flat=0 fan=20 weld=122 none=0	fan	tier=baseline welded=0 gate=0 curvedFans=1 wallWalk=1	capTri	OK	1e-6	1	1	0.12	9de6d8c0	46.557,-39.057,30.934,7.5,0,7.5
AC20-R4-C1	AC20	refusal	32	1	original	VALID	0	0	0	2	0	1	1	20	54	36	0	0		-		capTri	OK	1e-6	1	1	0.10	9de6d8c0	46.557,-39.057,30.934,7.5,0,7.5
AC20-R4-C2	AC20	refusal	32	2	fillet	VALID	0	0	0	2	0	1	1	2280	6834	4556	0	1	tube=0 capTri=14 cap=0 coons=1 saddle=2 flat=3 fan=0 weld=122 none=0	capTri	tier=baseline welded=0 gate=1 curvedFans=1 wallWalk=1	capTri	OK	1e-6	1	1	0.20	9de6d8c0	46.557,-39.057,30.934,7.5,0,7.5
AC20-R4-C3	AC20	refusal	32	3	chamfer	VALID	0	0	0	2	0	1	1	324	966	644	0	0	tube=0 capTri=0 cap=0 coons=0 saddle=0 flat=0 fan=20 weld=122 none=0	fan	tier=baseline welded=0 gate=0 curvedFans=1 wallWalk=1	capTri	OK	1e-6	1	1	0.12	9de6d8c0	46.557,-39.057,30.934,7.5,0,7.5
AC20-R5-C1	AC20	refusal	64	1	original	VALID	0	0	0	2	0	1	1	20	54	36	0	0		-		capTri	OK	1e-6	1	1	0.10	9de6d8c0	46.557,-39.057,30.934,7.5,0,7.5
AC20-R5-C2	AC20	refusal	64	2	fillet	VALID	0	0	0	2	0	1	1	5886	17652	11768	0	1	tube=0 capTri=14 cap=0 coons=0 saddle=2 flat=4 fan=0 weld=122 none=0	capTri	tier=baseline welded=0 gate=1 curvedFans=1 wallWalk=1	capTri	OK	1e-6	1	1	0.28	9de6d8c0	46.557,-39.057,30.934,7.5,0,7.5
AC20-R5-C3	AC20	refusal	64	3	chamfer	VALID	0	0	0	2	0	1	1	324	966	644	0	0	tube=0 capTri=0 cap=0 coons=0 saddle=0 flat=0 fan=20 weld=122 none=0	fan	tier=baseline welded=0 gate=0 curvedFans=1 wallWalk=1	capTri	OK	1e-6	1	1	0.12	9de6d8c0	46.557,-39.057,30.934,7.5,0,7.5
AC21-R1-C1	AC21	degenerate	stock	1	original	VALID	0	0	0	2	0	1	1	16	42	28	0	0		-		capTri	OK	1e-6	1	1	0.11	9de6d8c0	-39.747,-21.858,33.858,0.05,6,6
AC21-R1-C2	AC21	degenerate	stock	2	fillet	VALID	0	0	0	2	0	1	1	110	324	216	0	0	tube=0 capTri=10 cap=0 coons=0 saddle=1 flat=0 fan=1 weld=14 none=0	capTri	tier=baseline welded=0 gate=0 curvedFans=1 wallWalk=1	capTri	OK	1e-6	1	1	0.11	9de6d8c0	-39.747,-21.858,33.858,0.05,6,6
AC21-R1-C3	AC21	degenerate	stock	3	chamfer	VALID	0	0	0	2	0	1	1	52	150	100	0	0	tube=0 capTri=0 cap=0 coons=0 saddle=0 flat=0 fan=8 weld=10 none=0	fan	tier=pullIn welded=1 gate=0 curvedFans=1 wallWalk=1	capTri	OK	1e-6	1	1	0.11	9de6d8c0	-39.747,-21.858,33.858,0.05,6,6
AC21-R2-C1	AC21	degenerate	8	1	original	VALID	0	0	0	2	0	1	1	16	42	28	0	0		-		capTri	OK	1e-6	1	1	0.10	9de6d8c0	-39.747,-21.858,33.858,0.05,6,6
AC21-R2-C2	AC21	degenerate	8	2	fillet	VALID	0	0	0	2	0	1	1	110	324	216	0	0	tube=0 capTri=10 cap=0 coons=0 saddle=1 flat=0 fan=1 weld=14 none=0	capTri	tier=baseline welded=0 gate=0 curvedFans=1 wallWalk=1	capTri	OK	1e-6	1	1	0.11	9de6d8c0	-39.747,-21.858,33.858,0.05,6,6
AC21-R2-C3	AC21	degenerate	8	3	chamfer	VALID	0	0	0	2	0	1	1	52	150	100	0	0	tube=0 capTri=0 cap=0 coons=0 saddle=0 flat=0 fan=8 weld=10 none=0	fan	tier=pullIn welded=1 gate=0 curvedFans=1 wallWalk=1	capTri	OK	1e-6	1	1	0.11	9de6d8c0	-39.747,-21.858,33.858,0.05,6,6
AC21-R3-C1	AC21	degenerate	19	1	original	VALID	0	0	0	2	0	1	1	16	42	28	0	0		-		capTri	OK	1e-6	1	1	0.10	9de6d8c0	-39.747,-21.858,33.858,0.05,6,6
AC21-R3-C2	AC21	degenerate	19	2	fillet	VALID	0	0	0	2	0	1	1	228	678	452	0	0	tube=0 capTri=8 cap=0 coons=0 saddle=0 flat=0 fan=0 weld=10 none=0	capTri	tier=pullIn welded=1 gate=0 curvedFans=1 wallWalk=1	capTri	OK	1e-6	1	1	0.13	9de6d8c0	-39.747,-21.858,33.858,0.05,6,6
AC21-R3-C3	AC21	degenerate	19	3	chamfer	VALID	0	0	0	2	0	1	1	52	150	100	0	0	tube=0 capTri=0 cap=0 coons=0 saddle=0 flat=0 fan=8 weld=10 none=0	fan	tier=pullIn welded=1 gate=0 curvedFans=1 wallWalk=1	capTri	OK	1e-6	1	1	0.11	9de6d8c0	-39.747,-21.858,33.858,0.05,6,6
AC21-R4-C1	AC21	degenerate	32	1	original	VALID	0	0	0	2	0	1	1	16	42	28	0	0		-		capTri	OK	1e-6	1	1	0.10	9de6d8c0	-39.747,-21.858,33.858,0.05,6,6
AC21-R4-C2	AC21	degenerate	32	2	fillet	VALID	0	0	0	2	0	1	1	450	1344	896	0	0	tube=0 capTri=8 cap=0 coons=0 saddle=0 flat=0 fan=0 weld=10 none=0	capTri	tier=pullIn welded=1 gate=0 curvedFans=1 wallWalk=1	capTri	OK	1e-6	1	1	0.14	9de6d8c0	-39.747,-21.858,33.858,0.05,6,6
AC21-R4-C3	AC21	degenerate	32	3	chamfer	VALID	0	0	0	2	0	1	1	52	150	100	0	0	tube=0 capTri=0 cap=0 coons=0 saddle=0 flat=0 fan=8 weld=10 none=0	fan	tier=pullIn welded=1 gate=0 curvedFans=1 wallWalk=1	capTri	OK	1e-6	1	1	0.11	9de6d8c0	-39.747,-21.858,33.858,0.05,6,6
AC21-R5-C1	AC21	degenerate	64	1	original	VALID	0	0	0	2	0	1	1	16	42	28	0	0		-		capTri	OK	1e-6	1	1	0.10	9de6d8c0	-39.747,-21.858,33.858,0.05,6,6
AC21-R5-C2	AC21	degenerate	64	2	fillet	VALID	0	0	0	2	0	1	1	1394	4176	2784	0	0	tube=0 capTri=8 cap=0 coons=0 saddle=0 flat=0 fan=0 weld=10 none=0	capTri	tier=pullIn welded=1 gate=0 curvedFans=1 wallWalk=1	capTri	OK	1e-6	1	1	0.19	9de6d8c0	-39.747,-21.858,33.858,0.05,6,6
AC21-R5-C3	AC21	degenerate	64	3	chamfer	VALID	0	0	0	2	0	1	1	52	150	100	0	0	tube=0 capTri=0 cap=0 coons=0 saddle=0 flat=0 fan=8 weld=10 none=0	fan	tier=pullIn welded=1 gate=0 curvedFans=1 wallWalk=1	capTri	OK	1e-6	1	1	0.11	9de6d8c0	-39.747,-21.858,33.858,0.05,6,6
AC22-R1-C1	AC22	selection	stock	1	original	VALID	0	0	0	2	0	1	1	12	30	20	0	0		-		capTri	OK	1e-6	1	1	0.11	9de6d8c0	43.223,-27.780,40.706,30,10,18.038
AC22-R1-C2	AC22	selection	stock	2	fillet	VALID	0	0	0	2	0	1	1	168	498	332	0	0	tube=0 capTri=8 cap=0 coons=0 saddle=0 flat=0 fan=0 weld=40 none=0	capTri	tier=pullIn welded=0 gate=0 curvedFans=1 wallWalk=1	capTri	OK	1e-6	1	1	0.11	9de6d8c0	43.223,-27.780,40.706,30,10,18.038
AC22-R1-C3	AC22	selection	stock	3	chamfer	VALID	0	0	0	2	0	1	1	112	330	220	0	0	tube=0 capTri=0 cap=0 coons=0 saddle=0 flat=0 fan=8 weld=40 none=0	fan	tier=pullIn welded=0 gate=0 curvedFans=1 wallWalk=1	capTri	OK	1e-6	1	1	0.11	9de6d8c0	43.223,-27.780,40.706,30,10,18.038
AC22-R2-C1	AC22	selection	8	1	original	VALID	0	0	0	2	0	1	1	12	30	20	0	0		-		capTri	OK	1e-6	1	1	0.10	9de6d8c0	43.223,-27.780,40.706,30,10,18.038
AC22-R2-C2	AC22	selection	8	2	fillet	VALID	0	0	0	2	0	1	1	168	498	332	0	0	tube=0 capTri=8 cap=0 coons=0 saddle=0 flat=0 fan=0 weld=40 none=0	capTri	tier=pullIn welded=0 gate=0 curvedFans=1 wallWalk=1	capTri	OK	1e-6	1	1	0.11	9de6d8c0	43.223,-27.780,40.706,30,10,18.038
AC22-R2-C3	AC22	selection	8	3	chamfer	VALID	0	0	0	2	0	1	1	112	330	220	0	0	tube=0 capTri=0 cap=0 coons=0 saddle=0 flat=0 fan=8 weld=40 none=0	fan	tier=pullIn welded=0 gate=0 curvedFans=1 wallWalk=1	capTri	OK	1e-6	1	1	0.11	9de6d8c0	43.223,-27.780,40.706,30,10,18.038
AC22-R3-C1	AC22	selection	19	1	original	VALID	0	0	0	2	0	1	1	12	30	20	0	0		-		capTri	OK	1e-6	1	1	0.10	9de6d8c0	43.223,-27.780,40.706,30,10,18.038
AC22-R3-C2	AC22	selection	19	2	fillet	VALID	0	0	0	2	0	1	1	408	1218	812	0	0	tube=0 capTri=8 cap=0 coons=0 saddle=0 flat=0 fan=0 weld=40 none=0	capTri	tier=pullIn welded=0 gate=0 curvedFans=1 wallWalk=1	capTri	OK	1e-6	1	1	0.11	9de6d8c0	43.223,-27.780,40.706,30,10,18.038
AC22-R3-C3	AC22	selection	19	3	chamfer	VALID	0	0	0	2	0	1	1	112	330	220	0	0	tube=0 capTri=0 cap=0 coons=0 saddle=0 flat=0 fan=8 weld=40 none=0	fan	tier=pullIn welded=0 gate=0 curvedFans=1 wallWalk=1	capTri	OK	1e-6	1	1	0.11	9de6d8c0	43.223,-27.780,40.706,30,10,18.038
AC22-R4-C1	AC22	selection	32	1	original	VALID	0	0	0	2	0	1	1	12	30	20	0	0		-		capTri	OK	1e-6	1	1	0.10	9de6d8c0	43.223,-27.780,40.706,30,10,18.038
AC22-R4-C2	AC22	selection	32	2	fillet	VALID	0	0	0	2	0	1	1	720	2154	1436	0	0	tube=0 capTri=8 cap=0 coons=0 saddle=0 flat=0 fan=0 weld=40 none=0	capTri	tier=pullIn welded=0 gate=0 curvedFans=1 wallWalk=1	capTri	OK	1e-6	1	1	0.11	9de6d8c0	43.223,-27.780,40.706,30,10,18.038
AC22-R4-C3	AC22	selection	32	3	chamfer	VALID	0	0	0	2	0	1	1	112	330	220	0	0	tube=0 capTri=0 cap=0 coons=0 saddle=0 flat=0 fan=8 weld=40 none=0	fan	tier=pullIn welded=0 gate=0 curvedFans=1 wallWalk=1	capTri	OK	1e-6	1	1	0.11	9de6d8c0	43.223,-27.780,40.706,30,10,18.038
AC22-R5-C1	AC22	selection	64	1	original	VALID	0	0	0	2	0	1	1	12	30	20	0	0		-		capTri	OK	1e-6	1	1	0.10	9de6d8c0	43.223,-27.780,40.706,30,10,18.038
AC22-R5-C2	AC22	selection	64	2	fillet	VALID	0	0	0	2	0	1	1	1904	5706	3804	0	0	tube=0 capTri=8 cap=0 coons=0 saddle=0 flat=0 fan=0 weld=40 none=0	capTri	tier=pullIn welded=0 gate=0 curvedFans=1 wallWalk=1	capTri	OK	1e-6	1	1	0.12	9de6d8c0	43.223,-27.780,40.706,30,10,18.038
AC22-R5-C3	AC22	selection	64	3	chamfer	VALID	0	0	0	2	0	1	1	112	330	220	0	0	tube=0 capTri=0 cap=0 coons=0 saddle=0 flat=0 fan=8 weld=40 none=0	fan	tier=pullIn welded=0 gate=0 curvedFans=1 wallWalk=1	capTri	OK	1e-6	1	1	0.11	9de6d8c0	43.223,-27.780,40.706,30,10,18.038
AC22b-R1-C1	AC22b	selection	stock	1	original	VALID	0	0	0	2	0	1	1	12	30	20	0	0		-		tube	OK	1e-6	1	1	0.10	9de6d8c0	43.223,-27.780,40.706,30,10,18.038
AC22b-R1-C2	AC22b	selection	stock	2	fillet	VALID	0	0	0	2	0	1	1	200	594	396	0	0	tube=2 capTri=10 cap=0 coons=0 saddle=0 flat=0 fan=0 weld=40 none=0	tube	tier=pullIn welded=0 gate=0 curvedFans=1 wallWalk=1	tube	OK	1e-6	1	1	0.11	9de6d8c0	43.223,-27.780,40.706,30,10,18.038
AC22b-R1-C3	AC22b	selection	stock	3	chamfer	VALID	0	0	0	2	0	1	1	130	384	256	0	0	tube=0 capTri=0 cap=0 coons=0 saddle=0 flat=2 fan=10 weld=40 none=0	flat	tier=fullMitre welded=0 gate=0 curvedFans=1 wallWalk=1	tube	OK	1e-6	1	1	0.11	9de6d8c0	43.223,-27.780,40.706,30,10,18.038
AC22b-R2-C1	AC22b	selection	8	1	original	VALID	0	0	0	2	0	1	1	12	30	20	0	0		-		tube	OK	1e-6	1	1	0.10	9de6d8c0	43.223,-27.780,40.706,30,10,18.038
AC22b-R2-C2	AC22b	selection	8	2	fillet	VALID	0	0	0	2	0	1	1	200	594	396	0	0	tube=2 capTri=10 cap=0 coons=0 saddle=0 flat=0 fan=0 weld=40 none=0	tube	tier=pullIn welded=0 gate=0 curvedFans=1 wallWalk=1	tube	OK	1e-6	1	1	0.11	9de6d8c0	43.223,-27.780,40.706,30,10,18.038
AC22b-R2-C3	AC22b	selection	8	3	chamfer	VALID	0	0	0	2	0	1	1	130	384	256	0	0	tube=0 capTri=0 cap=0 coons=0 saddle=0 flat=2 fan=10 weld=40 none=0	flat	tier=fullMitre welded=0 gate=0 curvedFans=1 wallWalk=1	tube	OK	1e-6	1	1	0.11	9de6d8c0	43.223,-27.780,40.706,30,10,18.038
AC22b-R3-C1	AC22b	selection	19	1	original	VALID	0	0	0	2	0	1	1	12	30	20	0	0		-		tube	OK	1e-6	1	1	0.10	9de6d8c0	43.223,-27.780,40.706,30,10,18.038
AC22b-R3-C2	AC22b	selection	19	2	fillet	VALID	0	0	0	2	0	1	1	524	1566	1044	0	0	tube=2 capTri=10 cap=0 coons=0 saddle=0 flat=0 fan=0 weld=40 none=0	tube	tier=pullIn welded=0 gate=0 curvedFans=1 wallWalk=1	tube	OK	1e-6	1	1	0.11	9de6d8c0	43.223,-27.780,40.706,30,10,18.038
AC22b-R3-C3	AC22b	selection	19	3	chamfer	VALID	0	0	0	2	0	1	1	130	384	256	0	0	tube=0 capTri=0 cap=0 coons=0 saddle=0 flat=2 fan=10 weld=40 none=0	flat	tier=fullMitre welded=0 gate=0 curvedFans=1 wallWalk=1	tube	OK	1e-6	1	1	0.11	9de6d8c0	43.223,-27.780,40.706,30,10,18.038
AC22b-R4-C1	AC22b	selection	32	1	original	VALID	0	0	0	2	0	1	1	12	30	20	0	0		-		tube	OK	1e-6	1	1	0.10	9de6d8c0	43.223,-27.780,40.706,30,10,18.038
AC22b-R4-C2	AC22b	selection	32	2	fillet	VALID	0	0	0	2	0	1	1	974	2916	1944	0	0	tube=2 capTri=10 cap=0 coons=0 saddle=0 flat=0 fan=0 weld=40 none=0	tube	tier=pullIn welded=0 gate=0 curvedFans=1 wallWalk=1	tube	OK	1e-6	1	1	0.11	9de6d8c0	43.223,-27.780,40.706,30,10,18.038
AC22b-R4-C3	AC22b	selection	32	3	chamfer	VALID	0	0	0	2	0	1	1	130	384	256	0	0	tube=0 capTri=0 cap=0 coons=0 saddle=0 flat=2 fan=10 weld=40 none=0	flat	tier=fullMitre welded=0 gate=0 curvedFans=1 wallWalk=1	tube	OK	1e-6	1	1	0.11	9de6d8c0	43.223,-27.780,40.706,30,10,18.038
AC22b-R5-C1	AC22b	selection	64	1	original	VALID	0	0	0	2	0	1	1	12	30	20	0	0		-		tube	OK	1e-6	1	1	0.11	9de6d8c0	43.223,-27.780,40.706,30,10,18.038
AC22b-R5-C2	AC22b	selection	64	2	fillet	VALID	0	0	0	2	0	1	1	2790	8364	5576	0	0	tube=2 capTri=10 cap=0 coons=0 saddle=0 flat=0 fan=0 weld=40 none=0	tube	tier=pullIn welded=0 gate=0 curvedFans=1 wallWalk=1	tube	OK	1e-6	1	1	0.12	9de6d8c0	43.223,-27.780,40.706,30,10,18.038
AC22b-R5-C3	AC22b	selection	64	3	chamfer	VALID	0	0	0	2	0	1	1	130	384	256	0	0	tube=0 capTri=0 cap=0 coons=0 saddle=0 flat=2 fan=10 weld=40 none=0	flat	tier=fullMitre welded=0 gate=0 curvedFans=1 wallWalk=1	tube	OK	1e-6	1	1	0.11	9de6d8c0	43.223,-27.780,40.706,30,10,18.038
AC23-R1-C1	AC23	curved	stock	1	original	VALID	0	0	0	2	0	1	1	68	198	132	0	0		-		cap	OK	1e-6	1	1	0.11	9de6d8c0	46.711,-42.291,32.504,7.42,-3,5
AC23-R1-C2	AC23	curved	stock	2	fillet	VALID	0	0	0	2	0	1	1	222	660	440	0	1	tube=0 capTri=0 cap=4 coons=0 saddle=0 flat=2 fan=0 weld=28 none=0	cap	tier=pullIn welded=0 gate=1 curvedFans=1 wallWalk=1	cap	OK	1e-6	1	1	0.13	9de6d8c0	46.711,-42.291,32.504,7.42,-3,5
AC23-R1-C3	AC23	curved	stock	3	chamfer	VALID	0	0	0	2	0	1	1	166	492	328	0	1	tube=0 capTri=0 cap=0 coons=0 saddle=0 flat=0 fan=2 weld=32 none=0	fan	tier=pullIn welded=0 gate=1 curvedFans=1 wallWalk=1	cap	OK	1e-6	1	1	0.13	9de6d8c0	46.711,-42.291,32.504,7.42,-3,5
AC23-R2-C1	AC23	curved	8	1	original	VALID	0	0	0	2	0	1	1	32	90	60	0	0		-		cap	OK	1e-6	1	1	0.11	9de6d8c0	46.711,-42.291,32.504,7.42,-3,5
AC23-R2-C2	AC23	curved	8	2	fillet	VALID	0	0	0	2	0	1	1	244	726	484	0	0	tube=0 capTri=0 cap=8 coons=0 saddle=0 flat=0 fan=7 weld=30 none=0	cap	tier=pullIn welded=0 gate=0 curvedFans=1 wallWalk=1	cap	OK	1e-6	1	1	0.11	9de6d8c0	46.711,-42.291,32.504,7.42,-3,5
AC23-R2-C3	AC23	curved	8	3	chamfer	VALID	0	0	0	2	0	1	1	137	405	270	0	0	tube=0 capTri=0 cap=0 coons=0 saddle=0 flat=0 fan=0 weld=45 none=0	weld	tier=pullIn welded=0 gate=0 curvedFans=1 wallWalk=1	cap	OK	1e-6	1	1	0.11	9de6d8c0	46.711,-42.291,32.504,7.42,-3,5
AC23-R3-C1	AC23	curved	19	1	original	VALID	0	0	0	2	0	1	1	54	156	104	0	0		-		cap	OK	1e-6	1	1	0.11	9de6d8c0	46.711,-42.291,32.504,7.42,-3,5
AC23-R3-C2	AC23	curved	19	2	fillet	VALID	0	0	0	2	0	1	1	744	2226	1484	0	0	tube=0 capTri=0 cap=8 coons=0 saddle=0 flat=0 fan=0 weld=46 none=0	cap	tier=pullIn welded=0 gate=0 curvedFans=1 wallWalk=1	cap	OK	1e-6	1	1	0.12	9de6d8c0	46.711,-42.291,32.504,7.42,-3,5
AC23-R3-C3	AC23	curved	19	3	chamfer	VALID	0	0	0	2	0	1	1	168	498	332	0	0	tube=0 capTri=0 cap=0 coons=0 saddle=0 flat=0 fan=0 weld=54 none=0	weld	tier=pullIn welded=0 gate=0 curvedFans=1 wallWalk=1	cap	OK	1e-6	1	1	0.11	9de6d8c0	46.711,-42.291,32.504,7.42,-3,5
AC23-R4-C1	AC23	curved	32	1	original	VALID	0	0	0	2	0	1	1	80	234	156	0	0		-		cap	OK	1e-6	1	1	0.11	9de6d8c0	46.711,-42.291,32.504,7.42,-3,5
AC23-R4-C2	AC23	curved	32	2	fillet	VALID	0	0	0	2	0	1	1	894	2676	1784	0	1	tube=0 capTri=0 cap=4 coons=0 saddle=0 flat=2 fan=0 weld=28 none=0	cap	tier=pullIn welded=0 gate=1 curvedFans=1 wallWalk=1	cap	OK	1e-6	1	1	0.22	9de6d8c0	46.711,-42.291,32.504,7.42,-3,5
AC23-R4-C3	AC23	curved	32	3	chamfer	VALID	0	0	0	2	0	1	1	178	528	352	0	1	tube=0 capTri=0 cap=0 coons=0 saddle=0 flat=0 fan=2 weld=32 none=0	fan	tier=pullIn welded=0 gate=1 curvedFans=1 wallWalk=1	cap	OK	1e-6	1	1	0.16	9de6d8c0	46.711,-42.291,32.504,7.42,-3,5
AC23-R5-C1	AC23	curved	64	1	original	VALID	0	0	0	2	0	1	1	144	426	284	0	0		-		cap	OK	1e-6	1	1	0.11	9de6d8c0	46.711,-42.291,32.504,7.42,-3,5
AC23-R5-C2	AC23	curved	64	2	fillet	VALID	0	0	0	2	0	1	1	5159	15471	10314	0	0	tube=0 capTri=0 cap=7 coons=0 saddle=0 flat=1 fan=0 weld=84 none=0	cap	tier=pullIn welded=1 gate=0 curvedFans=1 wallWalk=0	cap	OK	1e-6	1	1	0.55	9de6d8c0	46.711,-42.291,32.504,7.42,-3,5
AC23-R5-C3	AC23	curved	64	3	chamfer	VALID	0	0	0	2	0	1	1	295	879	586	0	0	tube=0 capTri=0 cap=0 coons=0 saddle=0 flat=0 fan=0 weld=95 none=0	weld	tier=pullIn welded=0 gate=0 curvedFans=1 wallWalk=1	cap	OK	1e-6	1	1	0.14	9de6d8c0	46.711,-42.291,32.504,7.42,-3,5
AC24-R1-C1	AC24	junction	stock	1	original	VALID	0	0	0	2	0	1	1	20	54	36	0	0		-		fan	OK	1e-6	1	1	0.10	9de6d8c0	36.022,36.022,36.022,6,6,6
AC24-R1-C2	AC24	junction	stock	2	fillet	VALID	0	0	0	2	0	1	1	167	495	330	0	0	tube=4 capTri=13 cap=0 coons=0 saddle=0 flat=0 fan=0 weld=15 none=0	tube	tier=pullIn welded=0 gate=0 curvedFans=1 wallWalk=1	fan	OK	1e-6	1	1	0.11	9de6d8c0	36.022,36.022,36.022,6,6,6
AC24-R1-C3	AC24	junction	stock	3	chamfer	VALID	0	0	0	2	0	1	1	103	303	202	0	0	tube=0 capTri=0 cap=0 coons=0 saddle=0 flat=4 fan=13 weld=15 none=0	flat	tier=fullMitre welded=0 gate=0 curvedFans=1 wallWalk=1	fan	OK	1e-6	1	1	0.11	9de6d8c0	36.022,36.022,36.022,6,6,6
AC24-R2-C1	AC24	junction	8	1	original	VALID	0	0	0	2	0	1	1	20	54	36	0	0		-		fan	OK	1e-6	1	1	0.11	9de6d8c0	36.022,36.022,36.022,6,6,6
AC24-R2-C2	AC24	junction	8	2	fillet	VALID	0	0	0	2	0	1	1	167	495	330	0	0	tube=4 capTri=13 cap=0 coons=0 saddle=0 flat=0 fan=0 weld=15 none=0	tube	tier=pullIn welded=0 gate=0 curvedFans=1 wallWalk=1	fan	OK	1e-6	1	1	0.11	9de6d8c0	36.022,36.022,36.022,6,6,6
AC24-R2-C3	AC24	junction	8	3	chamfer	VALID	0	0	0	2	0	1	1	103	303	202	0	0	tube=0 capTri=0 cap=0 coons=0 saddle=0 flat=4 fan=13 weld=15 none=0	flat	tier=fullMitre welded=0 gate=0 curvedFans=1 wallWalk=1	fan	OK	1e-6	1	1	0.11	9de6d8c0	36.022,36.022,36.022,6,6,6
AC24-R3-C1	AC24	junction	19	1	original	VALID	0	0	0	2	0	1	1	20	54	36	0	0		-		fan	OK	1e-6	1	1	0.10	9de6d8c0	36.022,36.022,36.022,6,6,6
AC24-R3-C2	AC24	junction	19	2	fillet	VALID	0	0	0	2	0	1	1	612	1830	1220	0	0	tube=3 capTri=13 cap=0 coons=0 saddle=1 flat=0 fan=0 weld=15 none=0	tube	tier=pullIn welded=0 gate=0 curvedFans=1 wallWalk=1	fan	OK	1e-6	1	1	0.11	9de6d8c0	36.022,36.022,36.022,6,6,6
AC24-R3-C3	AC24	junction	19	3	chamfer	VALID	0	0	0	2	0	1	1	103	303	202	0	0	tube=0 capTri=0 cap=0 coons=0 saddle=0 flat=4 fan=13 weld=15 none=0	flat	tier=fullMitre welded=0 gate=0 curvedFans=1 wallWalk=1	fan	OK	1e-6	1	1	0.11	9de6d8c0	36.022,36.022,36.022,6,6,6
AC24-R4-C1	AC24	junction	32	1	original	VALID	0	0	0	2	0	1	1	20	54	36	0	0		-		fan	OK	1e-6	1	1	0.11	9de6d8c0	36.022,36.022,36.022,6,6,6
AC24-R4-C2	AC24	junction	32	2	fillet	VALID	0	0	0	2	0	1	1	1278	3828	2552	0	0	tube=3 capTri=13 cap=0 coons=0 saddle=1 flat=0 fan=0 weld=15 none=0	tube	tier=pullIn welded=0 gate=0 curvedFans=1 wallWalk=1	fan	OK	1e-6	1	1	0.11	9de6d8c0	36.022,36.022,36.022,6,6,6
AC24-R4-C3	AC24	junction	32	3	chamfer	VALID	0	0	0	2	0	1	1	103	303	202	0	0	tube=0 capTri=0 cap=0 coons=0 saddle=0 flat=4 fan=13 weld=15 none=0	flat	tier=fullMitre welded=0 gate=0 curvedFans=1 wallWalk=1	fan	OK	1e-6	1	1	0.11	9de6d8c0	36.022,36.022,36.022,6,6,6
AC24-R5-C1	AC24	junction	64	1	original	VALID	0	0	0	2	0	1	1	20	54	36	0	0		-		fan	OK	1e-6	1	1	0.10	9de6d8c0	36.022,36.022,36.022,6,6,6
AC24-R5-C2	AC24	junction	64	2	fillet	VALID	0	0	0	2	0	1	1	4009	12021	8014	0	0	tube=3 capTri=13 cap=0 coons=0 saddle=1 flat=0 fan=0 weld=15 none=0	tube	tier=pullIn welded=0 gate=0 curvedFans=1 wallWalk=1	fan	OK	1e-6	1	1	0.14	9de6d8c0	36.022,36.022,36.022,6,6,6
AC24-R5-C3	AC24	junction	64	3	chamfer	VALID	0	0	0	2	0	1	1	103	303	202	0	0	tube=0 capTri=0 cap=0 coons=0 saddle=0 flat=4 fan=13 weld=15 none=0	flat	tier=fullMitre welded=0 gate=0 curvedFans=1 wallWalk=1	fan	OK	1e-6	1	1	0.11	9de6d8c0	36.022,36.022,36.022,6,6,6
